system_id,label,sequence,chirality,operation,wall_time_s,tracemalloc_peak_mb,process_ru_maxrss_mb,n_checked,n_inverted_auditable,n_detected_inverted,detection_recall_pct,corrected_to_expected_signed_volume_pct,residual_violation_rate_pct
DP19,DP19:L-19437,DEHELLETAARWFYEIAKR,DDDDDDDDDDDDDDDDDDD,detection,0.003963725000005525,0.07702255249023438,144.8984375,19,8,8,100.0,100.0,0.0
DP19,DP19:L-19437,DEHELLETAARWFYEIAKR,DDDDDDDDDDDDDDDDDDD,correction,0.010633948000020155,0.13940906524658203,145.0234375,19,8,8,100.0,100.0,0.0
DP19,DP19:L-19437,DEHELLETAARWFYEIAKR,DDDDDDDDDDDDDDDDDDD,full_correct_af3_output_pipeline,0.01616838999999004,0.1880359649658203,145.1484375,19,8,8,100.0,100.0,0.0
DP19,DP19:L-19437,DEHELLETAARWFYEIAKR,DDDDDDDDDDDDDDDDDDD,chiralfold_predict,21.896744761999997,0.012028694152832031,230.45703125,19,8,8,100.0,100.0,0.0
DP9,DP9:Streptavidin,LWQHEATWK,DDDDDDDDD,detection,0.0028430219999791007,0.04141807556152344,230.45703125,9,6,6,100.0,100.0,0.0
DP9,DP9:Streptavidin,LWQHEATWK,DDDDDDDDD,correction,0.006524906999970881,0.07398700714111328,230.45703125,9,6,6,100.0,100.0,0.0
DP9,DP9:Streptavidin,LWQHEATWK,DDDDDDDDD,full_correct_af3_output_pipeline,0.010459822999962398,0.09824275970458984,230.45703125,9,6,6,100.0,100.0,0.0
DP9,DP9:Streptavidin,LWQHEATWK,DDDDDDDDD,chiralfold_predict,2.9798280269999964,0.007544517517089844,230.45703125,9,6,6,100.0,100.0,0.0
DP12,DP12:MDM2,DWWPLAFEALLR,DDDDDDDDDDDD,detection,0.0030647789999989072,0.05155754089355469,230.45703125,11,6,6,100.0,100.0,0.0
DP12,DP12:MDM2,DWWPLAFEALLR,DDDDDDDDDDDD,correction,0.00717313299998068,0.09213829040527344,230.45703125,11,6,6,100.0,100.0,0.0
DP12,DP12:MDM2,DWWPLAFEALLR,DDDDDDDDDDDD,full_correct_af3_output_pipeline,0.011676814999987073,0.12348175048828125,230.45703125,11,6,6,100.0,100.0,0.0
DP12,DP12:MDM2,DWWPLAFEALLR,DDDDDDDDDDDD,chiralfold_predict,7.039850127000022,0.009615898132324219,230.45703125,11,6,6,100.0,100.0,0.0
SUMMARY,,,,published_af3_reference,,,,,,,100.0,100.0,51.0
