pdb_id,chain,resnum,resname,signed_volume,chirality,is_error,source_format,cohort
1ABI,I,1,DPN,-2.598588433999991,D,False,mmCIF,known-errors
1ABI,I,56,DPN,2.488446156000001,L,True,mmCIF,known-errors
1BG0,A,403,DAR,2.5832157099999873,L,True,mmCIF,known-errors
1D7T,A,4,DTY,1.9367321519999927,L,True,mmCIF,known-errors
1HHZ,D,4,DAL,-2.5158697140000053,D,False,mmCIF,known-errors
1HHZ,D,5,DAL,-2.5367892489999955,D,False,mmCIF,known-errors
1HHZ,E,1,DAL,2.6958863310000067,L,True,mmCIF,known-errors
1HHZ,E,4,DAL,-2.5065562939999984,D,False,mmCIF,known-errors
1HHZ,E,5,DAL,-2.500818903000002,D,False,mmCIF,known-errors
1HHZ,F,4,DAL,-2.4803456119999976,D,False,mmCIF,known-errors
1HHZ,F,5,DAL,-2.4636339460000056,D,False,mmCIF,known-errors
1KO0,A,542,DLY,0.11557859599999426,L,True,mmCIF,known-errors
1MCB,P,2,DPN,-2.5872482610000183,D,False,mmCIF,known-errors
1MCB,P,3,DHI,2.5974714990000023,L,True,mmCIF,known-errors
1MCB,P,4,DPR,-2.9358079299999824,D,False,mmCIF,known-errors
1OF6,A,1370,DTY,2.568680837999986,L,True,mmCIF,known-errors
1OF6,B,1370,DTY,2.611048051000006,L,True,mmCIF,known-errors
1OF6,C,1371,DTY,2.573700752000001,L,True,mmCIF,known-errors
1OF6,D,1370,DTY,2.6274890820000136,L,True,mmCIF,known-errors
1OF6,E,1370,DTY,2.588409628000011,L,True,mmCIF,known-errors
1OF6,F,1370,DTY,2.5288059019999696,L,True,mmCIF,known-errors
1OF6,G,1369,DTY,2.514441555000002,L,True,mmCIF,known-errors
1OF6,H,1369,DTY,2.669118205000006,L,True,mmCIF,known-errors
1P52,A,403,DAR,2.5364350400000157,L,True,mmCIF,known-errors
1UHG,A,164,DSN,-2.6772298119999984,D,False,mmCIF,known-errors
1UHG,A,236,DSN,-2.349661969999995,D,False,mmCIF,known-errors
1UHG,A,320,DSN,-2.343277005999995,D,False,mmCIF,known-errors
1UHG,B,164,DSN,-2.3994636400000036,D,False,mmCIF,known-errors
1UHG,B,236,DSN,-2.3549855710000007,D,False,mmCIF,known-errors
1UHG,B,320,DSN,-2.495849051999997,D,False,mmCIF,known-errors
1UHG,C,164,DSN,-2.284405236000025,D,False,mmCIF,known-errors
1UHG,C,236,DSN,-2.421366639999993,D,False,mmCIF,known-errors
1UHG,C,320,DSN,-2.4732895659999903,D,False,mmCIF,known-errors
1UHG,D,164,DSN,2.213585238,L,True,mmCIF,known-errors
1UHG,D,236,DSN,-2.536536338000001,D,False,mmCIF,known-errors
1UHG,D,320,DSN,-2.381469284999991,D,False,mmCIF,known-errors
1XT7,A,3,DSG,2.5501339780000025,L,True,mmCIF,known-errors
1XT7,A,9,DAL,-2.428354884000003,D,False,mmCIF,known-errors
1XT7,A,12,DSN,-2.5370830769999944,D,False,mmCIF,known-errors
2AOU,A,248,DCY,2.6722163579999885,L,True,mmCIF,known-errors
2ATS,A,3001,DLY,2.58536683800001,L,True,mmCIF,known-errors
2ATS,A,3002,DLY,2.5778380680000166,L,True,mmCIF,known-errors
2ATS,A,3003,DLY,2.557104514999998,L,True,mmCIF,known-errors
2H9E,S,1,DTY,0.5642111549999934,L,True,mmCIF,known-errors
2RMI,A,12,DPN,2.6365158240000004,L,True,mmCIF,known-errors
2W76,C,3,DSN,2.3283343390000066,L,True,mmCIF,known-errors
2W76,C,7,DGN,-2.3159620279999995,D,False,mmCIF,known-errors
3RIT,A,364,DLY,2.754750413999978,L,True,mmCIF,known-errors
3RIT,B,362,DLY,2.4824437400000074,L,True,mmCIF,known-errors
3RIT,C,362,DLY,2.418190737000002,L,True,mmCIF,known-errors
3RIT,D,364,DLY,2.768098486999978,L,True,mmCIF,known-errors
3RIT,E,363,DLY,2.4892018199999875,L,True,mmCIF,known-errors
10TL,S,2,DAL,-2.4598004000000557,D,False,mmCIF,universe
10TL,H,2,DAL,-2.4601499770000697,D,False,mmCIF,universe
22EM,A,4,DLY,-2.5682020980000395,D,False,mmCIF,universe
22ES,A,1,DPN,-2.674540060000061,D,False,mmCIF,universe
22ES,A,2,DPN,-2.5992802629999696,D,False,mmCIF,universe
22ES,A,3,DLE,-2.694204096000033,D,False,mmCIF,universe
22ES,A,4,DLY,-2.6512787370000703,D,False,mmCIF,universe
5NF0,E,1,DCY,-2.269943472000006,D,False,mmCIF,universe
5NF0,E,3,DTR,-2.6418964949999997,D,False,mmCIF,universe
5NF0,E,5,DLY,-2.399165760999994,D,False,mmCIF,universe
5NF0,E,7,DLY,-2.37001880000001,D,False,mmCIF,universe
5NF0,E,9,DTR,-2.4708544420000007,D,False,mmCIF,universe
5NF0,E,11,DCY,-2.5155695469999975,D,False,mmCIF,universe
5NF0,G,114,DCY,-2.670481245999994,D,False,mmCIF,universe
5NF0,G,116,DTR,-2.6562806400000025,D,False,mmCIF,universe
5NF0,G,118,DLY,-2.6129510359999943,D,False,mmCIF,universe
5NF0,G,120,DLY,-2.5003959710000077,D,False,mmCIF,universe
5NF0,G,122,DTR,-2.691573035000001,D,False,mmCIF,universe
5NF0,G,124,DCY,-2.606547843999996,D,False,mmCIF,universe
5NF0,H,114,DCY,-2.5463282979999895,D,False,mmCIF,universe
5NF0,H,116,DTR,-2.6154266480000006,D,False,mmCIF,universe
5NF0,H,118,DLY,-2.276077811999994,D,False,mmCIF,universe
5NF0,H,120,DLY,-2.4573298979999985,D,False,mmCIF,universe
5NF0,H,122,DTR,-2.689478856000009,D,False,mmCIF,universe
5NF0,H,124,DCY,-2.6448469080000043,D,False,mmCIF,universe
6X5I,B,2,DPN,-2.7014688010000043,D,False,mmCIF,universe
6X5I,B,3,DPN,-2.477809152999995,D,False,mmCIF,universe
6X5I,B,4,DTY,-2.5614438990000017,D,False,mmCIF,universe
6X5I,D,2,DPN,-2.7059838150000033,D,False,mmCIF,universe
6X5I,D,3,DPN,-2.4478060559999912,D,False,mmCIF,universe
6X5I,D,4,DTY,-2.554551322,D,False,mmCIF,universe
6X5I,E,2,DPN,-2.700094463999992,D,False,mmCIF,universe
6X5I,E,3,DPN,-2.45913493099999,D,False,mmCIF,universe
6X5I,E,4,DTY,-2.5618064160000102,D,False,mmCIF,universe
6X5I,F,2,DPN,-2.714520736000005,D,False,mmCIF,universe
6X5I,F,3,DPN,-2.4577153600000066,D,False,mmCIF,universe
6X5I,F,4,DTY,-2.5585955720000033,D,False,mmCIF,universe
6X5I,G,2,DPN,-2.6985932860000093,D,False,mmCIF,universe
6X5I,G,3,DPN,-2.464994826000005,D,False,mmCIF,universe
6X5I,G,4,DTY,-2.556679093999993,D,False,mmCIF,universe
6X5I,H,2,DPN,-2.705819592000004,D,False,mmCIF,universe
6X5I,H,3,DPN,-2.4763943969999977,D,False,mmCIF,universe
6X5I,H,4,DTY,-2.557866001,D,False,mmCIF,universe
6X5I,I,2,DPN,-2.6970797140000085,D,False,mmCIF,universe
6X5I,I,3,DPN,-2.466296334000004,D,False,mmCIF,universe
6X5I,I,4,DTY,-2.5558466299999885,D,False,mmCIF,universe
6X5I,J,2,DPN,-2.6980418519999954,D,False,mmCIF,universe
6X5I,J,3,DPN,-2.474473196000006,D,False,mmCIF,universe
6X5I,J,4,DTY,-2.565198891999994,D,False,mmCIF,universe
6X5I,K,2,DPN,-2.7058757019999935,D,False,mmCIF,universe
6X5I,K,3,DPN,-2.451831489999999,D,False,mmCIF,universe
6X5I,K,4,DTY,-2.5589684500000027,D,False,mmCIF,universe
6X5I,L,2,DPN,-2.7015539900000025,D,False,mmCIF,universe
6X5I,L,3,DPN,-2.461048159999999,D,False,mmCIF,universe
6X5I,L,4,DTY,-2.565483141999993,D,False,mmCIF,universe
6X5I,M,2,DPN,-2.716560150000006,D,False,mmCIF,universe
6X5I,M,3,DPN,-2.459835701999999,D,False,mmCIF,universe
6X5I,M,4,DTY,-2.5611672899999975,D,False,mmCIF,universe
6X5I,N,2,DPN,-2.697998898999993,D,False,mmCIF,universe
6X5I,N,3,DPN,-2.461921674000002,D,False,mmCIF,universe
6X5I,N,4,DTY,-2.556710862000002,D,False,mmCIF,universe
6X5I,O,2,DPN,-2.7051013529999954,D,False,mmCIF,universe
6X5I,O,3,DPN,-2.4774828610000053,D,False,mmCIF,universe
6X5I,O,4,DTY,-2.558793164000001,D,False,mmCIF,universe
6X5I,P,2,DPN,-2.6976739200000024,D,False,mmCIF,universe
6X5I,P,3,DPN,-2.4668933919999914,D,False,mmCIF,universe
6X5I,P,4,DTY,-2.5552623599999973,D,False,mmCIF,universe
6X5I,Q,2,DPN,-2.698575229999997,D,False,mmCIF,universe
6X5I,Q,3,DPN,-2.475239096,D,False,mmCIF,universe
6X5I,Q,4,DTY,-2.564460125,D,False,mmCIF,universe
6X5I,R,2,DPN,-2.705682529000001,D,False,mmCIF,universe
6X5I,R,3,DPN,-2.4548799809999955,D,False,mmCIF,universe
6X5I,R,4,DTY,-2.5535537879999963,D,False,mmCIF,universe
6X5I,S,2,DPN,-2.697875284999998,D,False,mmCIF,universe
6X5I,S,3,DPN,-2.459252995999999,D,False,mmCIF,universe
6X5I,S,4,DTY,-2.5638601660000044,D,False,mmCIF,universe
6X5I,T,2,DPN,-2.7173960640000034,D,False,mmCIF,universe
6X5I,T,3,DPN,-2.458102311999994,D,False,mmCIF,universe
6X5I,T,4,DTY,-2.560592815999999,D,False,mmCIF,universe
6X5I,U,2,DPN,-2.6996255040000032,D,False,mmCIF,universe
6X5I,U,3,DPN,-2.4602082899999997,D,False,mmCIF,universe
6X5I,U,4,DTY,-2.5599240379999992,D,False,mmCIF,universe
6X5I,V,2,DPN,-2.7040787420000028,D,False,mmCIF,universe
6X5I,V,3,DPN,-2.477243701000002,D,False,mmCIF,universe
6X5I,V,4,DTY,-2.5568860979999966,D,False,mmCIF,universe
6X5I,W,2,DPN,-2.697914081999998,D,False,mmCIF,universe
6X5I,W,3,DPN,-2.4654588020000014,D,False,mmCIF,universe
6X5I,W,4,DTY,-2.556783695000005,D,False,mmCIF,universe
6X5I,X,2,DPN,-2.698426283999999,D,False,mmCIF,universe
6X5I,X,3,DPN,-2.4748426079999994,D,False,mmCIF,universe
6X5I,X,4,DTY,-2.5628018099999967,D,False,mmCIF,universe
6X5I,Y,2,DPN,-2.704597699999999,D,False,mmCIF,universe
6X5I,Y,3,DPN,-2.4481804470000017,D,False,mmCIF,universe
6X5I,Y,4,DTY,-2.5560200250000014,D,False,mmCIF,universe
6X5I,Z,2,DPN,-2.7016157400000016,D,False,mmCIF,universe
6X5I,Z,3,DPN,-2.4630958000000005,D,False,mmCIF,universe
6X5I,Z,4,DTY,-2.5590366800000015,D,False,mmCIF,universe
6X5I,a,2,DPN,-2.7168834559999975,D,False,mmCIF,universe
6X5I,a,3,DPN,-2.4600316540000016,D,False,mmCIF,universe
6X5I,a,4,DTY,-2.55954659,D,False,mmCIF,universe
6X5I,b,2,DPN,-2.6977760609999986,D,False,mmCIF,universe
6X5I,b,3,DPN,-2.4600735380000005,D,False,mmCIF,universe
6X5I,b,4,DTY,-2.5606328509999967,D,False,mmCIF,universe
6X5I,c,2,DPN,-2.7040850069999984,D,False,mmCIF,universe
6X5I,c,3,DPN,-2.4758882869999983,D,False,mmCIF,universe
6X5I,c,4,DTY,-2.557168266,D,False,mmCIF,universe
6X5I,d,2,DPN,-2.699635654000005,D,False,mmCIF,universe
6X5I,d,3,DPN,-2.4650642880000007,D,False,mmCIF,universe
6X5I,d,4,DTY,-2.558875128000004,D,False,mmCIF,universe
6X5I,e,2,DPN,-2.7008939699999996,D,False,mmCIF,universe
6X5I,e,3,DPN,-2.474022885000001,D,False,mmCIF,universe
6X5I,e,4,DTY,-2.563765421999998,D,False,mmCIF,universe
6X5I,f,2,DPN,-2.705608588,D,False,mmCIF,universe
6X5I,f,3,DPN,-2.4472230980000003,D,False,mmCIF,universe
6X5I,f,4,DTY,-2.5526652630000037,D,False,mmCIF,universe
6X5I,g,2,DPN,-2.6996733850000014,D,False,mmCIF,universe
6X5I,g,3,DPN,-2.4592575120000006,D,False,mmCIF,universe
6X5I,g,4,DTY,-2.562037999999999,D,False,mmCIF,universe
6X5I,h,2,DPN,-2.7170716580000023,D,False,mmCIF,universe
6X5I,h,3,DPN,-2.4595974779999987,D,False,mmCIF,universe
6X5I,h,4,DTY,-2.559185189999997,D,False,mmCIF,universe
6X5I,i,2,DPN,-2.6979130580000015,D,False,mmCIF,universe
6X5I,i,3,DPN,-2.4603528519999984,D,False,mmCIF,universe
6X5I,i,4,DTY,-2.558456127,D,False,mmCIF,universe
6X5I,j,2,DPN,-2.7015793340000007,D,False,mmCIF,universe
6X5I,j,3,DPN,-2.475416056000002,D,False,mmCIF,universe
6X5I,j,4,DTY,-2.5607471000000004,D,False,mmCIF,universe
6X5I,k,2,DPN,-2.7003820380000008,D,False,mmCIF,universe
6X5I,k,3,DPN,-2.4683451260000004,D,False,mmCIF,universe
6X5I,k,4,DTY,-2.5553823280000008,D,False,mmCIF,universe
6X5I,l,2,DPN,-2.698541620999998,D,False,mmCIF,universe
6X5I,l,3,DPN,-2.4726590720000012,D,False,mmCIF,universe
6X5I,l,4,DTY,-2.562300910000001,D,False,mmCIF,universe
6X5I,m,2,DPN,-2.7068259039999987,D,False,mmCIF,universe
6X5I,m,3,DPN,-2.4525436799999984,D,False,mmCIF,universe
6X5I,m,4,DTY,-2.557642380000001,D,False,mmCIF,universe
6X5I,n,2,DPN,-2.6988457699999966,D,False,mmCIF,universe
6X5I,n,3,DPN,-2.4593330160000013,D,False,mmCIF,universe
6X5I,n,4,DTY,-2.5648618750000054,D,False,mmCIF,universe
6X5I,o,2,DPN,-2.715937935999996,D,False,mmCIF,universe
6X5I,o,3,DPN,-2.4570878459999967,D,False,mmCIF,universe
6X5I,o,4,DTY,-2.5592514749999995,D,False,mmCIF,universe
6X5I,p,2,DPN,-2.698156025999998,D,False,mmCIF,universe
6X5I,p,3,DPN,-2.4633812770000003,D,False,mmCIF,universe
6X5I,p,4,DTY,-2.557594133000001,D,False,mmCIF,universe
6X5I,q,2,DPN,-2.7025275900000025,D,False,mmCIF,universe
6X5I,q,3,DPN,-2.47507958,D,False,mmCIF,universe
6X5I,q,4,DTY,-2.554602379999997,D,False,mmCIF,universe
6X5I,r,2,DPN,-2.6961819919999974,D,False,mmCIF,universe
6X5I,r,3,DPN,-2.4682192619999994,D,False,mmCIF,universe
6X5I,r,4,DTY,-2.557727937999997,D,False,mmCIF,universe
6X5I,s,2,DPN,-2.701829084999996,D,False,mmCIF,universe
6X5I,s,3,DPN,-2.4771512300000036,D,False,mmCIF,universe
6X5I,s,4,DTY,-2.559516471000004,D,False,mmCIF,universe
6X5I,t,2,DPN,-2.7095148880000015,D,False,mmCIF,universe
6X5I,t,3,DPN,-2.4500893280000016,D,False,mmCIF,universe
6X5I,t,4,DTY,-2.5518299320000004,D,False,mmCIF,universe
6X5I,u,2,DPN,-2.700803811000001,D,False,mmCIF,universe
6X5I,u,3,DPN,-2.461847018,D,False,mmCIF,universe
6X5I,u,4,DTY,-2.562919199999996,D,False,mmCIF,universe
6X5I,v,2,DPN,-2.7177304879999973,D,False,mmCIF,universe
6X5I,v,3,DPN,-2.461030728000003,D,False,mmCIF,universe
6X5I,v,4,DTY,-2.558681536000001,D,False,mmCIF,universe
6X5I,w,2,DPN,-2.6990652999999933,D,False,mmCIF,universe
6X5I,w,3,DPN,-2.4588581299999968,D,False,mmCIF,universe
6X5I,w,4,DTY,-2.555438166999998,D,False,mmCIF,universe
6X5I,x,2,DPN,-2.7037637100000027,D,False,mmCIF,universe
6X5I,x,3,DPN,-2.4732151239999967,D,False,mmCIF,universe
6X5I,x,4,DTY,-2.5582258289999964,D,False,mmCIF,universe
6X5I,y,2,DPN,-2.6970630539999947,D,False,mmCIF,universe
6X5I,y,3,DPN,-2.4694421999999987,D,False,mmCIF,universe
6X5I,y,4,DTY,-2.556473328000002,D,False,mmCIF,universe
6X5I,z,2,DPN,-2.7012671040000065,D,False,mmCIF,universe
6X5I,z,3,DPN,-2.4739907600000013,D,False,mmCIF,universe
6X5I,z,4,DTY,-2.5637936419999936,D,False,mmCIF,universe
6X5I,0,2,DPN,-2.7069789840000027,D,False,mmCIF,universe
6X5I,0,3,DPN,-2.451999062999991,D,False,mmCIF,universe
6X5I,0,4,DTY,-2.552598887999998,D,False,mmCIF,universe
6X5I,AA,2,DPN,-2.6971942640000055,D,False,mmCIF,universe
6X5I,AA,3,DPN,-2.460458965000009,D,False,mmCIF,universe
6X5I,AA,4,DTY,-2.5666614239999905,D,False,mmCIF,universe
6X5I,BA,2,DPN,-2.717905889999993,D,False,mmCIF,universe
6X5I,BA,3,DPN,-2.460306934000003,D,False,mmCIF,universe
6X5I,BA,4,DTY,-2.5583780739999993,D,False,mmCIF,universe
6X5I,CA,2,DPN,-2.7015039479999943,D,False,mmCIF,universe
6X5I,CA,3,DPN,-2.4592865730000013,D,False,mmCIF,universe
6X5I,CA,4,DTY,-2.5598930310000028,D,False,mmCIF,universe
6X5I,DA,2,DPN,-2.7010088619999966,D,False,mmCIF,universe
6X5I,DA,3,DPN,-2.474898459999993,D,False,mmCIF,universe
6X5I,DA,4,DTY,-2.557249057,D,False,mmCIF,universe
6X5I,EA,2,DPN,-2.6971846179999988,D,False,mmCIF,universe
6X5I,EA,3,DPN,-2.4700188000000036,D,False,mmCIF,universe
6X5I,EA,4,DTY,-2.558601150999999,D,False,mmCIF,universe
6X5I,FA,2,DPN,-2.6962936580000054,D,False,mmCIF,universe
6X5I,FA,3,DPN,-2.4781856499999946,D,False,mmCIF,universe
6X5I,FA,4,DTY,-2.567383572000011,D,False,mmCIF,universe
6X5I,GA,2,DPN,-2.708047254000008,D,False,mmCIF,universe
6X5I,GA,3,DPN,-2.452417330000001,D,False,mmCIF,universe
6X5I,GA,4,DTY,-2.5583023940000045,D,False,mmCIF,universe
6X5I,HA,2,DPN,-2.6990103579999962,D,False,mmCIF,universe
6X5I,HA,3,DPN,-2.4621429979999996,D,False,mmCIF,universe
6X5I,HA,4,DTY,-2.560295740000001,D,False,mmCIF,universe
6X5I,IA,2,DPN,-2.716568992000014,D,False,mmCIF,universe
6X5I,IA,3,DPN,-2.459604394000014,D,False,mmCIF,universe
6X5I,IA,4,DTY,-2.5581688930000053,D,False,mmCIF,universe
6X5I,JA,2,DPN,-2.6961302220000065,D,False,mmCIF,universe
6X5I,JA,3,DPN,-2.4621216649999993,D,False,mmCIF,universe
6X5I,JA,4,DTY,-2.561094803999997,D,False,mmCIF,universe
6X5I,KA,2,DPN,-2.7039657210000065,D,False,mmCIF,universe
6X5I,KA,3,DPN,-2.4735152700000014,D,False,mmCIF,universe
6X5I,KA,4,DTY,-2.5566424659999996,D,False,mmCIF,universe
6X5I,LA,2,DPN,-2.6951086440000007,D,False,mmCIF,universe
6X5I,LA,3,DPN,-2.467919434000008,D,False,mmCIF,universe
6X5I,LA,4,DTY,-2.5563779440000003,D,False,mmCIF,universe
6X5I,MA,2,DPN,-2.6968542550000025,D,False,mmCIF,universe
6X5I,MA,3,DPN,-2.4765285829999977,D,False,mmCIF,universe
6X5I,MA,4,DTY,-2.563905309,D,False,mmCIF,universe
6X5I,NA,2,DPN,-2.7075345439999983,D,False,mmCIF,universe
6X5I,NA,3,DPN,-2.452789862999999,D,False,mmCIF,universe
6X5I,NA,4,DTY,-2.5558880459999993,D,False,mmCIF,universe
6X5I,OA,2,DPN,-2.7004982749999975,D,False,mmCIF,universe
6X5I,OA,3,DPN,-2.4623003620000015,D,False,mmCIF,universe
6X5I,OA,4,DTY,-2.5650294439999985,D,False,mmCIF,universe
6X5I,PA,2,DPN,-2.7155950169999983,D,False,mmCIF,universe
6X5I,PA,3,DPN,-2.4630646439999992,D,False,mmCIF,universe
6X5I,PA,4,DTY,-2.5584763110000006,D,False,mmCIF,universe
6X5I,QA,2,DPN,-2.700776904999999,D,False,mmCIF,universe
6X5I,QA,3,DPN,-2.461042709999997,D,False,mmCIF,universe
6X5I,QA,4,DTY,-2.5604624480000036,D,False,mmCIF,universe
6X5I,RA,2,DPN,-2.703705255000001,D,False,mmCIF,universe
6X5I,RA,3,DPN,-2.4774583500000014,D,False,mmCIF,universe
6X5I,RA,4,DTY,-2.5579333019999995,D,False,mmCIF,universe
6X5I,SA,2,DPN,-2.695261028000001,D,False,mmCIF,universe
6X5I,SA,3,DPN,-2.463715930999997,D,False,mmCIF,universe
6X5I,SA,4,DTY,-2.5579778050000015,D,False,mmCIF,universe
6YX7,JJJ,202,DSN,-2.564681187000007,D,False,mmCIF,universe
6YX7,LLL,202,DSN,-2.4915676840000036,D,False,mmCIF,universe
7A8Y,BBB,201,DSN,-2.5444208769999985,D,False,mmCIF,universe
7A8Y,BBB,202,DSN,-2.513114986999994,D,False,mmCIF,universe
7A8Y,EaE,203,DSN,-2.513507816000003,D,False,mmCIF,universe
7AR4,PaP,8,DPR,-2.713608203999998,D,False,mmCIF,universe
7P5R,DDD,1,MED,-2.6804097600000247,D,False,mmCIF,universe
7P5R,DDD,2,DAL,-2.614794590999993,D,False,mmCIF,universe
7P5R,DDD,4,DPN,-2.505317131000017,D,False,mmCIF,universe
7P5R,DDD,5,DLE,-2.4761351399999976,D,False,mmCIF,universe
7P5R,DDD,6,DLY,-2.5030144320000045,D,False,mmCIF,universe
7P5R,DDD,7,DVA,-2.4771833519999995,D,False,mmCIF,universe
7P5R,DDD,8,DVA,-2.509532053999996,D,False,mmCIF,universe
7P5R,DDD,9,DGN,-2.3963086109999634,D,False,mmCIF,universe
7P5R,DDD,10,DLE,-2.447287127999993,D,False,mmCIF,universe
7P5R,DDD,11,DLE,-2.4231777989999927,D,False,mmCIF,universe
7P5R,DDD,12,DAL,-2.4097214459999945,D,False,mmCIF,universe
7P5R,DDD,13,DLY,-2.401149260000028,D,False,mmCIF,universe
7P5R,DDD,14,DTY,-2.3847877480000226,D,False,mmCIF,universe
7P5R,DDD,16,DSN,-2.304339656999989,D,False,mmCIF,universe
7P5R,DDD,17,DLY,-2.3868734840000245,D,False,mmCIF,universe
7P5R,DDD,18,DAL,-2.5111528320000223,D,False,mmCIF,universe
7P5R,DDD,19,DVA,-2.4467951429999886,D,False,mmCIF,universe
7P5R,DDD,20,DGN,-2.5932102879999848,D,False,mmCIF,universe
7P5R,DDD,21,DTR,-2.416545247999988,D,False,mmCIF,universe
7P5R,DDD,22,DAL,-2.394296910000036,D,False,mmCIF,universe
7P5R,DDD,23,DTR,-2.3536089430000082,D,False,mmCIF,universe
7P5R,DDD,24,DAL,-2.4616061040000154,D,False,mmCIF,universe
7P5R,DDD,25,DSG,-2.466344257999995,D,False,mmCIF,universe
7P5R,DDD,26,DLY,-2.4039329390000037,D,False,mmCIF,universe
7P5R,DDD,28,DLY,-2.481577587999979,D,False,mmCIF,universe
7P5R,DDD,29,DIL,-2.41578659100001,D,False,mmCIF,universe
7P5R,DDD,30,DLE,-2.562570689999991,D,False,mmCIF,universe
7P5R,DDD,31,DAS,-2.5106242300000012,D,False,mmCIF,universe
7P5R,DDD,32,DTR,-2.5218571859999814,D,False,mmCIF,universe
7P5R,DDD,33,DLE,-2.5138890820000137,D,False,mmCIF,universe
7P5R,DDD,34,DSG,-2.5492633579999917,D,False,mmCIF,universe
7P5R,DDD,35,DAL,-2.4957651599999977,D,False,mmCIF,universe
7P5R,DDD,37,DGN,-2.4652137599999686,D,False,mmCIF,universe
7P5R,DDD,38,DAL,-2.489551265000003,D,False,mmCIF,universe
7P5R,DDD,39,DIL,-2.431962799999971,D,False,mmCIF,universe
7P5R,DDD,40,DAS,-2.2054417479999597,D,False,mmCIF,universe
7P5R,DDD,41,DTR,-2.5174526870000014,D,False,mmCIF,universe
7P5R,DDD,42,DVA,-2.405732637000008,D,False,mmCIF,universe
7P5R,DDD,43,DVA,-2.4020564119999985,D,False,mmCIF,universe
7P5R,DDD,44,DSN,-2.4454449240000096,D,False,mmCIF,universe
7P5R,DDD,45,DLY,-2.4887234550000055,D,False,mmCIF,universe
7P5R,DDD,46,DIL,-2.3624620980000017,D,False,mmCIF,universe
7P5R,DDD,47,DLY,-2.414931290000015,D,False,mmCIF,universe
7P5R,DDD,48,DGN,-2.478997191000013,D,False,mmCIF,universe
7P5R,DDD,49,DIL,-2.507677093999992,D,False,mmCIF,universe
7P5R,DDD,50,DLE,-2.4866719919999998,D,False,mmCIF,universe
7P5R,DDD,52,DIL,-2.4683338079999655,D,False,mmCIF,universe
7P5R,DDD,53,DLY,-2.548195929999996,D,False,mmCIF,universe
7P5R,CCC,1,MED,-2.4944163720000194,D,False,mmCIF,universe
7P5R,CCC,2,DAL,-2.4541917459999834,D,False,mmCIF,universe
7P5R,CCC,4,DPN,-2.4993670079999717,D,False,mmCIF,universe
7P5R,CCC,5,DLE,-2.4073684979999936,D,False,mmCIF,universe
7P5R,CCC,6,DLY,-2.425854787999994,D,False,mmCIF,universe
7P5R,CCC,7,DVA,-2.4904791180000077,D,False,mmCIF,universe
7P5R,CCC,8,DVA,-2.3347402859999677,D,False,mmCIF,universe
7P5R,CCC,9,DGN,-2.406601140000009,D,False,mmCIF,universe
7P5R,CCC,10,DLE,-2.4378692270000206,D,False,mmCIF,universe
7P5R,CCC,11,DLE,-2.4135772929999924,D,False,mmCIF,universe
7P5R,CCC,12,DAL,-2.451531147999999,D,False,mmCIF,universe
7P5R,CCC,13,DLY,-2.6076011360000355,D,False,mmCIF,universe
7P5R,CCC,14,DTY,-2.448142199999985,D,False,mmCIF,universe
7P5R,CCC,16,DSN,-2.190699747000015,D,False,mmCIF,universe
7P5R,CCC,17,DLY,-2.4704600399999963,D,False,mmCIF,universe
7P5R,CCC,18,DAL,-2.354004015000007,D,False,mmCIF,universe
7P5R,CCC,19,DVA,-2.5074243679999992,D,False,mmCIF,universe
7P5R,CCC,20,DGN,-2.4662023820000147,D,False,mmCIF,universe
7P5R,CCC,21,DTR,-2.4271442040000006,D,False,mmCIF,universe
7P5R,CCC,22,DAL,-2.4431402239999733,D,False,mmCIF,universe
7P5R,CCC,23,DTR,-2.439402401999977,D,False,mmCIF,universe
7P5R,CCC,24,DAL,-2.460674066999991,D,False,mmCIF,universe
7P5R,CCC,25,DSG,-2.439701157999988,D,False,mmCIF,universe
7P5R,CCC,26,DLY,-2.417049982000009,D,False,mmCIF,universe
7P5R,CCC,28,DLY,-2.5695041890000034,D,False,mmCIF,universe
7P5R,CCC,29,DIL,-2.464727300000002,D,False,mmCIF,universe
7P5R,CCC,30,DLE,-2.469474483000006,D,False,mmCIF,universe
7P5R,CCC,31,DAS,-2.406891105000002,D,False,mmCIF,universe
7P5R,CCC,32,DTR,-2.517979082000012,D,False,mmCIF,universe
7P5R,CCC,33,DLE,-2.4466354239999992,D,False,mmCIF,universe
7P5R,CCC,34,DSG,-2.396463947000017,D,False,mmCIF,universe
7P5R,CCC,35,DAL,-2.4661774200000033,D,False,mmCIF,universe
7P5R,CCC,37,DGN,-2.6311513130000077,D,False,mmCIF,universe
7P5R,CCC,38,DAL,-2.45064749999999,D,False,mmCIF,universe
7P5R,CCC,39,DIL,-2.401656156000011,D,False,mmCIF,universe
7P5R,CCC,40,DAS,-2.3014909450000105,D,False,mmCIF,universe
7P5R,CCC,41,DTR,-2.582381656,D,False,mmCIF,universe
7P5R,CCC,42,DVA,-2.430193796999972,D,False,mmCIF,universe
7P5R,CCC,43,DVA,-2.475707058999989,D,False,mmCIF,universe
7P5R,CCC,44,DSN,-2.4706602300000067,D,False,mmCIF,universe
7P5R,CCC,45,DLY,-2.4492565459999813,D,False,mmCIF,universe
7P5R,CCC,46,DIL,-2.392213690999998,D,False,mmCIF,universe
7P5R,CCC,47,DLY,-2.425844239999985,D,False,mmCIF,universe
7P5R,CCC,48,DGN,-2.556442782999997,D,False,mmCIF,universe
7P5R,CCC,49,DIL,-2.4847127999999583,D,False,mmCIF,universe
7P5R,CCC,50,DLE,-2.4020352680000108,D,False,mmCIF,universe
7P5R,CCC,52,DIL,-2.5334311800000093,D,False,mmCIF,universe
7P5R,CCC,53,DLY,-2.5481376639999906,D,False,mmCIF,universe
7PCJ,B,1,DAL,-2.579508355999992,D,False,mmCIF,universe
7PCJ,E,1,DAL,-2.5565193010000113,D,False,mmCIF,universe
7Q4T,LbL,4,DGL,-2.635302204,D,False,mmCIF,universe
7QFT,C,2,DPN,-2.84996646917518,D,False,mmCIF,universe
7QFV,C,2,DPN,-2.5708396420000006,D,False,mmCIF,universe
7QFV,D,2,DPN,-2.626373510000012,D,False,mmCIF,universe
7UG7,B,1,DAL,-2.614148761999923,D,False,mmCIF,universe
7UGW,E,3,DAR,-2.709698219999967,D,False,mmCIF,universe
7UGW,E,7,DSN,-2.577637552000029,D,False,mmCIF,universe
7UGW,E,10,DAR,-2.631730295000013,D,False,mmCIF,universe
8AN9,E,102,DLY,-2.472444497999991,D,False,mmCIF,universe
8AN9,E,112,DLE,-2.4022184920000096,D,False,mmCIF,universe
8AN9,F,102,DLY,-2.324183611000007,D,False,mmCIF,universe
8AN9,F,112,DLE,-2.4048590049999934,D,False,mmCIF,universe
8AN9,G,304,DLY,-2.516685146000003,D,False,mmCIF,universe
8ANO,E,3,DLY,-2.4230708779999937,D,False,mmCIF,universe
8ANO,E,4,DLE,-2.4511694489999893,D,False,mmCIF,universe
8ANO,E,5,DLE,-2.4302524989999905,D,False,mmCIF,universe
8ANO,H,3,DLY,-2.441562374999999,D,False,mmCIF,universe
8ANO,H,4,DLE,-2.452463805999994,D,False,mmCIF,universe
8ANO,H,5,DLE,-2.4521027609999964,D,False,mmCIF,universe
8AOO,E,2,DLY,-2.366754029999988,D,False,mmCIF,universe
8AOO,E,4,DLE,-2.6170928000000138,D,False,mmCIF,universe
8AOO,E,6,DLY,-2.313795855999996,D,False,mmCIF,universe
8AOO,E,8,DLE,-2.460252662999995,D,False,mmCIF,universe
8AOO,E,10,DLE,-2.4383035619999904,D,False,mmCIF,universe
8AOO,E,12,DLE,-2.545097450000028,D,False,mmCIF,universe
8AOO,F,2,DLY,-2.422846825000019,D,False,mmCIF,universe
8AOO,F,4,DLE,-2.5673050430000015,D,False,mmCIF,universe
8AOO,F,6,DLY,-2.3907562659999764,D,False,mmCIF,universe
8AOO,F,8,DLE,-2.4082962689999974,D,False,mmCIF,universe
8AOO,F,10,DLE,-2.5802037600000047,D,False,mmCIF,universe
8AOO,F,12,DLE,-2.6067367419999665,D,False,mmCIF,universe
8AOO,H,2,DLY,-2.595812573999994,D,False,mmCIF,universe
8AOO,I,2,DLY,-2.3910255599999877,D,False,mmCIF,universe
8B7Y,z,5,DVA,-2.450208100000002,D,False,mmCIF,universe
8B7Y,z,6,DVA,-2.489605067999998,D,False,mmCIF,universe
8B7Y,z,8,DVA,-2.4259490800000783,D,False,mmCIF,universe
8B7Y,z,10,DAR,-2.208507509000009,D,False,mmCIF,universe
8B7Y,z,12,DVA,-2.3655170789999986,D,False,mmCIF,universe
8B7Y,z,14,DAL,-2.4407084740000924,D,False,mmCIF,universe
8FVM,C,1,DGN,-2.5506764740000025,D,False,mmCIF,universe
8FVM,C,2,DVA,-2.573479776000011,D,False,mmCIF,universe
8P94,a,4,DTH,-2.5125765479999966,D,False,mmCIF,universe
8P94,b,4,DTH,-2.5203444099999652,D,False,mmCIF,universe
8P94,c,4,DTH,-2.52023831900005,D,False,mmCIF,universe
8P94,d,4,DTH,-2.562554945999982,D,False,mmCIF,universe
8P94,h,4,DTH,-2.519418946000055,D,False,mmCIF,universe
8P94,i,4,DTH,-2.51524836099998,D,False,mmCIF,universe
8P94,j,4,DTH,-2.5329835470000384,D,False,mmCIF,universe
8P94,k,4,DTH,-2.5210654540000283,D,False,mmCIF,universe
8P94,l,4,DTH,-2.5323476819999744,D,False,mmCIF,universe
8P94,m,4,DTH,-2.5227966420000905,D,False,mmCIF,universe
8R6C,6,2,DAL,-2.4667848930000407,D,False,mmCIF,universe
8R8M,5,2,DAL,-2.377737712999909,D,False,mmCIF,universe
8RTY,H,4,DTH,-2.476637269000016,D,False,mmCIF,universe
8RTY,I,4,DTH,-2.5616058899999414,D,False,mmCIF,universe
8RTY,J,4,DTH,-2.5365125830000355,D,False,mmCIF,universe
8S8N,A,2,DLE,-2.7399945839999993,D,False,mmCIF,universe
8S8N,A,3,DAS,-2.6452840589999984,D,False,mmCIF,universe
8S8N,A,7,DGN,-2.3592044760000004,D,False,mmCIF,universe
8S8N,A,9,DSN,-2.3416078539999985,D,False,mmCIF,universe
8S8N,A,11,DGN,-2.3942042670000014,D,False,mmCIF,universe
8W6Z,B,10,DPN,-2.4094985099999913,D,False,mmCIF,universe
8XIP,E,2,DTR,-2.795962057000049,D,False,mmCIF,universe
8XIR,F,2,DTR,-2.4811077479999666,D,False,mmCIF,universe
8Y73,D,2,DAL,-2.832458445999976,D,False,mmCIF,universe
9BC1,C,3,DTY,-2.599375385126673,D,False,mmCIF,universe
9BC1,D,3,DTY,-2.6062868928111187,D,False,mmCIF,universe
9BC4,E,4,DLE,2.8173459560000005,L,True,mmCIF,universe
9BJN,A,2,DPN,-2.5081728879999994,D,False,mmCIF,universe
9BJN,A,3,DPN,-2.5893457150000008,D,False,mmCIF,universe
9BJN,A,4,DSN,-2.489036372999997,D,False,mmCIF,universe
9BJO,A,2,DPN,-2.468966491999996,D,False,mmCIF,universe
9BJO,A,3,DPN,-2.5663480340000024,D,False,mmCIF,universe
9BJO,A,4,DSN,-2.4695503640000007,D,False,mmCIF,universe
9BJO,A,5,DTY,-2.4532716159999985,D,False,mmCIF,universe
9DOX,A,6,DPR,-2.6551229020000164,D,False,mmCIF,universe
9DOX,a,6,DPR,-2.6833532359999794,D,False,mmCIF,universe
9DOX,B,6,DPR,-2.738157459999986,D,False,mmCIF,universe
9DOX,b,6,DPR,-2.6364906140000044,D,False,mmCIF,universe
9DOX,C,6,DPR,-2.7219045449999943,D,False,mmCIF,universe
9DOX,c,6,DPR,-2.6399292769999954,D,False,mmCIF,universe
9DOX,D,6,DPR,-2.730929447999999,D,False,mmCIF,universe
9DOX,d,6,DPR,-2.7250515330000056,D,False,mmCIF,universe
9DOX,E,6,DPR,-2.6989539899999992,D,False,mmCIF,universe
9DOX,e,6,DPR,-2.734637286999999,D,False,mmCIF,universe
9DOX,F,6,DPR,-2.678603050000012,D,False,mmCIF,universe
9DOX,f,6,DPR,-2.704519355999999,D,False,mmCIF,universe
9DOY,A,6,DPR,-2.6257150920000143,D,False,mmCIF,universe
9DOY,a,6,DPR,-2.720649585000014,D,False,mmCIF,universe
9DOY,B,6,DPR,-2.708489903000002,D,False,mmCIF,universe
9DOY,b,6,DPR,-2.745109604999997,D,False,mmCIF,universe
9DOY,C,6,DPR,-2.678994123999999,D,False,mmCIF,universe
9DOY,c,6,DPR,-2.710670101999986,D,False,mmCIF,universe
9DOY,D,6,DPR,-2.6964142079999975,D,False,mmCIF,universe
9DOY,d,6,DPR,-2.7297201680000125,D,False,mmCIF,universe
9DOY,E,6,DPR,-2.653041423000007,D,False,mmCIF,universe
9DOY,e,6,DPR,-2.787430133999995,D,False,mmCIF,universe
9DOY,F,6,DPR,-2.790897750000001,D,False,mmCIF,universe
9DOY,f,6,DPR,-2.721464585999997,D,False,mmCIF,universe
9DP0,A,6,DPR,-2.707614301000001,D,False,mmCIF,universe
9DP0,B,6,DPR,-2.6916347490000034,D,False,mmCIF,universe
9DP0,C,6,DPR,-2.726898898000001,D,False,mmCIF,universe
9DP0,D,6,DPR,-2.6785641329999974,D,False,mmCIF,universe
9DYZ,AAA,5,DVA,-2.363779461,D,False,mmCIF,universe
9DYZ,AAA,6,DVA,-2.528250404,D,False,mmCIF,universe
9E3Z,A,24,DPR,-2.7010978419999994,D,False,mmCIF,universe
9E3Z,A,33,DPR,-2.6869143350000027,D,False,mmCIF,universe
9F00,A,141,DLE,-2.6863705810000025,D,False,mmCIF,universe
9F00,A,142,DGL,-2.4256534000000043,D,False,mmCIF,universe
9F00,A,143,DLY,-2.4835157470000038,D,False,mmCIF,universe
9F00,A,144,DHI,-2.536626643000022,D,False,mmCIF,universe
9F00,A,145,DSN,-2.5465232399999937,D,False,mmCIF,universe
9F00,A,146,DTR,-2.4385668680000046,D,False,mmCIF,universe
9F00,A,147,DTY,-2.4279088490000063,D,False,mmCIF,universe
9F00,A,148,DHI,-2.380764585999999,D,False,mmCIF,universe
9F00,A,150,DPR,-2.638376223000006,D,False,mmCIF,universe
9F00,A,151,DVA,-2.458183559999997,D,False,mmCIF,universe
9F00,A,152,DSN,-2.4804582430000157,D,False,mmCIF,universe
9F00,A,153,DAR,-2.5308917300000093,D,False,mmCIF,universe
9F00,A,154,DSG,-2.474205004999998,D,False,mmCIF,universe
9F00,A,155,DAL,-2.4822340040000026,D,False,mmCIF,universe
9F00,A,156,DAL,-2.4713718499999966,D,False,mmCIF,universe
9F00,A,157,DGL,-2.4162243419999947,D,False,mmCIF,universe
9F00,A,158,DTY,-2.4751188120000034,D,False,mmCIF,universe
9F00,A,159,DLE,-2.4071961480000046,D,False,mmCIF,universe
9F00,A,160,DLE,-2.4923844179999977,D,False,mmCIF,universe
9F00,A,161,DSN,-2.49585506800001,D,False,mmCIF,universe
9F00,A,162,DSN,-2.458195569999996,D,False,mmCIF,universe
9F00,A,164,DIL,-2.5135972979999823,D,False,mmCIF,universe
9F00,A,165,DSG,-2.415020095999997,D,False,mmCIF,universe
9F00,A,167,DSN,-2.513996435000009,D,False,mmCIF,universe
9F00,A,168,DPN,-2.5354148560000027,D,False,mmCIF,universe
9F00,A,169,DLE,-2.531955620999991,D,False,mmCIF,universe
9F00,A,170,DVA,-2.486179523000003,D,False,mmCIF,universe
9F00,A,171,DAR,-2.4909444980000024,D,False,mmCIF,universe
9F00,A,172,DGL,-2.3995543769999754,D,False,mmCIF,universe
9F00,A,173,DSN,-2.444076938000002,D,False,mmCIF,universe
9F00,A,174,DGL,-2.3946197869999963,D,False,mmCIF,universe
9F00,A,175,DSN,-2.370480950999977,D,False,mmCIF,universe
9F00,A,176,DSN,-2.5495706999999825,D,False,mmCIF,universe
9F00,A,177,DPR,-2.6303149540000077,D,False,mmCIF,universe
9F00,A,179,DGN,-2.565133482000009,D,False,mmCIF,universe
9F00,A,180,DAR,-2.3148609220000083,D,False,mmCIF,universe
9F00,A,181,DSN,-2.4804772590000024,D,False,mmCIF,universe
9F00,A,182,DIL,-2.5718881819999937,D,False,mmCIF,universe
9F00,A,183,DSN,-2.530098413999995,D,False,mmCIF,universe
9F00,A,184,DLE,-2.6850337080000015,D,False,mmCIF,universe
9F00,A,185,DAR,-2.499142984000004,D,False,mmCIF,universe
9F00,A,186,DTY,-2.5120048979999803,D,False,mmCIF,universe
9F00,A,187,DGL,-2.4436432200000113,D,False,mmCIF,universe
9F00,A,189,DAR,-2.5630522109999974,D,False,mmCIF,universe
9F00,A,190,DVA,-2.441035301999981,D,False,mmCIF,universe
9F00,A,191,DTY,-2.5006604640000067,D,False,mmCIF,universe
9F00,A,192,DHI,-2.5267156479999984,D,False,mmCIF,universe
9F00,A,193,DTY,-2.5943756459999956,D,False,mmCIF,universe
9F00,A,194,DAR,-2.4974041160000158,D,False,mmCIF,universe
9F00,A,195,DIL,-2.3874186440000154,D,False,mmCIF,universe
9F00,A,196,DSG,-2.5696108319999915,D,False,mmCIF,universe
9F00,A,197,DTH,-2.5576200780000122,D,False,mmCIF,universe
9F00,A,198,DCY,-2.5878456800000094,D,False,mmCIF,universe
9F00,A,199,DSN,-2.343054745999992,D,False,mmCIF,universe
9F00,A,200,DAS,-2.342964764000024,D,False,mmCIF,universe
9F00,A,202,DLY,-2.3825603199999987,D,False,mmCIF,universe
9F00,A,203,DLE,-2.3600127929999988,D,False,mmCIF,universe
9F00,A,204,DTY,-2.4276999559999752,D,False,mmCIF,universe
9F00,A,205,DVA,-2.3170375339999865,D,False,mmCIF,universe
9F00,A,206,DSN,-2.490462995999995,D,False,mmCIF,universe
9F00,A,207,DSN,-2.2211583759999995,D,False,mmCIF,universe
9F00,A,208,DGL,-2.495715622000005,D,False,mmCIF,universe
9F00,A,209,DSN,-2.469930766000006,D,False,mmCIF,universe
9F00,A,210,DAR,-2.4494007660000063,D,False,mmCIF,universe
9F00,A,211,DPN,-2.5681029330000023,D,False,mmCIF,universe
9F00,A,212,DSG,-2.5592376229999965,D,False,mmCIF,universe
9F00,A,213,DTH,-2.3023012879999993,D,False,mmCIF,universe
9F00,A,214,DLE,-2.5441961939999946,D,False,mmCIF,universe
9F00,A,215,DAL,-2.4990356080000034,D,False,mmCIF,universe
9F00,A,216,DGL,-2.5390940930000174,D,False,mmCIF,universe
9F00,A,217,DLE,-2.543278601999983,D,False,mmCIF,universe
9F00,A,218,DVA,-2.3783190749999963,D,False,mmCIF,universe
9F00,A,219,DHI,-2.510756617000011,D,False,mmCIF,universe
9F00,A,220,DHI,-2.456987777999984,D,False,mmCIF,universe
9F00,A,221,DHI,-2.506073168000001,D,False,mmCIF,universe
9F00,A,222,DSN,-2.4896288600000007,D,False,mmCIF,universe
9F00,A,223,DTH,-2.300468938999989,D,False,mmCIF,universe
9F00,A,224,DVA,-2.408246392000002,D,False,mmCIF,universe
9F00,A,225,DAL,-2.3415273670000034,D,False,mmCIF,universe
9F00,A,226,DAS,-2.401133806000001,D,False,mmCIF,universe
9F00,A,228,DLE,-2.531199503000007,D,False,mmCIF,universe
9F00,A,229,DIL,-2.4078089079999976,D,False,mmCIF,universe
9F00,A,230,DTH,-2.447131307999998,D,False,mmCIF,universe
9F00,A,231,DTH,-2.633014975999994,D,False,mmCIF,universe
9F00,A,232,DLE,-2.609485773999996,D,False,mmCIF,universe
9F00,A,233,DHI,-2.4714654850000017,D,False,mmCIF,universe
9F00,A,234,DTY,-2.580789275999999,D,False,mmCIF,universe
9F00,A,235,DPR,-2.737232671999995,D,False,mmCIF,universe
9F00,A,236,DAL,-2.528217630000001,D,False,mmCIF,universe
9F00,A,237,DPR,-2.5909503309999984,D,False,mmCIF,universe
9F00,A,238,DLY,-2.7164029409999904,D,False,mmCIF,universe
9F00,A,239,DAR,-2.3331351379999976,D,False,mmCIF,universe
9F00,B,141,DLE,-2.4074945670000223,D,False,mmCIF,universe
9F00,B,142,DGL,-2.328170383999995,D,False,mmCIF,universe
9F00,B,143,DLY,-2.597214848000007,D,False,mmCIF,universe
9F00,B,144,DHI,-2.5092065530000225,D,False,mmCIF,universe
9F00,B,145,DSN,-2.4552254499999986,D,False,mmCIF,universe
9F00,B,146,DTR,-2.3263925500000413,D,False,mmCIF,universe
9F00,B,147,DTY,-2.4834068489999734,D,False,mmCIF,universe
9F00,B,148,DHI,-2.3020815759999738,D,False,mmCIF,universe
9F00,B,150,DPR,-2.6846199310000047,D,False,mmCIF,universe
9F00,B,151,DVA,-2.6737491590000064,D,False,mmCIF,universe
9F00,B,152,DSN,-2.5356209099999942,D,False,mmCIF,universe
9F00,B,153,DAR,-2.4606038839999957,D,False,mmCIF,universe
9F00,B,154,DSG,-2.518672190000009,D,False,mmCIF,universe
9F00,B,155,DAL,-2.5284611090000166,D,False,mmCIF,universe
9F00,B,156,DAL,-2.441548239999994,D,False,mmCIF,universe
9F00,B,157,DGL,-2.351577153999988,D,False,mmCIF,universe
9F00,B,158,DTY,-2.456238886000007,D,False,mmCIF,universe
9F00,B,159,DLE,-2.5058641319999784,D,False,mmCIF,universe
9F00,B,160,DLE,-2.5097303919999874,D,False,mmCIF,universe
9F00,B,161,DSN,-2.3595055050000022,D,False,mmCIF,universe
9F00,B,162,DSN,-2.1931982040000064,D,False,mmCIF,universe
9F00,B,164,DIL,-2.5159684859999882,D,False,mmCIF,universe
9F00,B,165,DSG,-2.4743757840000287,D,False,mmCIF,universe
9F00,B,167,DSN,-2.5019765440000072,D,False,mmCIF,universe
9F00,B,168,DPN,-2.515080386000019,D,False,mmCIF,universe
9F00,B,169,DLE,-2.5856398680000257,D,False,mmCIF,universe
9F00,B,170,DVA,-2.5300825540000083,D,False,mmCIF,universe
9F00,B,171,DAR,-2.533537754999994,D,False,mmCIF,universe
9F00,B,172,DGL,-2.5847431549999604,D,False,mmCIF,universe
9F00,B,173,DSN,-2.535726289999993,D,False,mmCIF,universe
9F00,B,174,DGL,-2.5534408440000207,D,False,mmCIF,universe
9F00,B,175,DSN,-2.507622207999989,D,False,mmCIF,universe
9F00,B,176,DSN,-2.4957872530000005,D,False,mmCIF,universe
9F00,B,177,DPR,-2.712019981999975,D,False,mmCIF,universe
9F00,B,179,DGN,-2.6351215020000067,D,False,mmCIF,universe
9F00,B,180,DAR,-2.462938593000019,D,False,mmCIF,universe
9F00,B,181,DSN,-2.4829441360000093,D,False,mmCIF,universe
9F00,B,182,DIL,-2.530549566999993,D,False,mmCIF,universe
9F00,B,183,DSN,-2.452842248999989,D,False,mmCIF,universe
9F00,B,184,DLE,-2.638093607999988,D,False,mmCIF,universe
9F00,B,185,DAR,-2.4873389519999867,D,False,mmCIF,universe
9F00,B,186,DTY,-2.6151986940000045,D,False,mmCIF,universe
9F00,B,187,DGL,-2.393551822999981,D,False,mmCIF,universe
9F00,B,189,DAR,-2.5078064979999946,D,False,mmCIF,universe
9F00,B,190,DVA,-2.2832693619999658,D,False,mmCIF,universe
9F00,B,191,DTY,-2.4036444809999966,D,False,mmCIF,universe
9F00,B,192,DHI,-2.585734939999997,D,False,mmCIF,universe
9F00,B,193,DTY,-2.5209411329999982,D,False,mmCIF,universe
9F00,B,194,DAR,-2.53789012000001,D,False,mmCIF,universe
9F00,B,195,DIL,-2.4512022780000198,D,False,mmCIF,universe
9F00,B,196,DSG,-2.5313475089999944,D,False,mmCIF,universe
9F00,B,197,DTH,-2.4137681319999618,D,False,mmCIF,universe
9F00,B,198,DCY,-2.603252697000003,D,False,mmCIF,universe
9F00,B,199,DSN,-2.2867106940000257,D,False,mmCIF,universe
9F00,B,200,DAS,-2.276562700000006,D,False,mmCIF,universe
9F00,B,202,DLY,-2.41446052300003,D,False,mmCIF,universe
9F00,B,203,DLE,-2.2941980880000097,D,False,mmCIF,universe
9F00,B,204,DTY,-2.4953840160000063,D,False,mmCIF,universe
9F00,B,205,DVA,-2.4060326819999776,D,False,mmCIF,universe
9F00,B,206,DSN,-2.517772628999994,D,False,mmCIF,universe
9F00,B,207,DSN,-2.3212591680000005,D,False,mmCIF,universe
9F00,B,208,DGL,-2.6173147420000173,D,False,mmCIF,universe
9F00,B,209,DSN,-2.510304827999957,D,False,mmCIF,universe
9F00,B,210,DAR,-2.4824053889999678,D,False,mmCIF,universe
9F00,B,211,DPN,-2.4699523099999854,D,False,mmCIF,universe
9F00,B,212,DSG,-2.4679064430000017,D,False,mmCIF,universe
9F00,B,213,DTH,-2.4141543950000215,D,False,mmCIF,universe
9F00,B,214,DLE,-2.420221426000002,D,False,mmCIF,universe
9F00,B,215,DAL,-2.468052163999996,D,False,mmCIF,universe
9F00,B,216,DGL,-2.4849132629999726,D,False,mmCIF,universe
9F00,B,217,DLE,-2.4394558410000116,D,False,mmCIF,universe
9F00,B,218,DVA,-2.341166772000014,D,False,mmCIF,universe
9F00,B,219,DHI,-2.4830596639999847,D,False,mmCIF,universe
9F00,B,220,DHI,-2.459586378999998,D,False,mmCIF,universe
9F00,B,221,DHI,-2.369274651,D,False,mmCIF,universe
9F00,B,222,DSN,-2.505357528999982,D,False,mmCIF,universe
9F00,B,223,DTH,-2.1781137749999764,D,False,mmCIF,universe
9F00,B,224,DVA,-2.38124220199999,D,False,mmCIF,universe
9F00,B,225,DAL,-2.4492643720000156,D,False,mmCIF,universe
9F00,B,226,DAS,-2.470838912999963,D,False,mmCIF,universe
9F00,B,228,DLE,-2.5561485600000005,D,False,mmCIF,universe
9F00,B,229,DIL,-2.2547148650000004,D,False,mmCIF,universe
9F00,B,230,DTH,-2.7226098619999575,D,False,mmCIF,universe
9F00,B,231,DTH,-2.4995161480000223,D,False,mmCIF,universe
9F00,B,232,DLE,-2.6233858560000063,D,False,mmCIF,universe
9F00,B,233,DHI,-2.52750285599996,D,False,mmCIF,universe
9F00,B,234,DTY,-2.508244320000021,D,False,mmCIF,universe
9F00,B,235,DPR,-2.7059911980000293,D,False,mmCIF,universe
9F00,B,236,DAL,-2.4945593709999994,D,False,mmCIF,universe
9F00,B,237,DPR,-2.600434489999979,D,False,mmCIF,universe
9F00,B,238,DLY,-2.57537951399998,D,False,mmCIF,universe
9F00,B,239,DAR,-2.3322771149999926,D,False,mmCIF,universe
9F01,A,142,DGL,-2.451293477,D,False,mmCIF,universe
9F01,A,143,DLY,-2.500768925999999,D,False,mmCIF,universe
9F01,A,144,DHI,-2.738586355000012,D,False,mmCIF,universe
9F01,A,145,DSN,-2.583109478000012,D,False,mmCIF,universe
9F01,A,146,DTR,-2.444373318999996,D,False,mmCIF,universe
9F01,A,147,DTY,-2.533349501000007,D,False,mmCIF,universe
9F01,A,148,DHI,-2.431243397999994,D,False,mmCIF,universe
9F01,A,150,DPR,-2.7121187489999903,D,False,mmCIF,universe
9F01,A,151,DVA,-2.6025181800000046,D,False,mmCIF,universe
9F01,A,152,DSN,-2.422635523000013,D,False,mmCIF,universe
9F01,A,153,DAR,-2.504141772000004,D,False,mmCIF,universe
9F01,A,154,DSG,-2.5461757220000028,D,False,mmCIF,universe
9F01,A,155,DAL,-2.4846733029999934,D,False,mmCIF,universe
9F01,A,156,DAL,-2.499523570000001,D,False,mmCIF,universe
9F01,A,157,DGL,-2.4848633079999902,D,False,mmCIF,universe
9F01,A,158,DTY,-2.536598844000003,D,False,mmCIF,universe
9F01,A,159,DLE,-2.500542140000005,D,False,mmCIF,universe
9F01,A,160,DLE,-2.5276139390000023,D,False,mmCIF,universe
9F01,A,161,DSN,-2.266140266000003,D,False,mmCIF,universe
9F01,A,162,DSN,-2.473481899999995,D,False,mmCIF,universe
9F01,A,164,DIL,-2.4390383949999945,D,False,mmCIF,universe
9F01,A,165,DSG,-2.513283668999993,D,False,mmCIF,universe
9F01,A,167,DSN,-2.5611462740000093,D,False,mmCIF,universe
9F01,A,168,DPN,-2.4374758440000037,D,False,mmCIF,universe
9F01,A,169,DLE,-2.653939771000003,D,False,mmCIF,universe
9F01,A,170,DVA,-2.5039433420000035,D,False,mmCIF,universe
9F01,A,171,DAR,-2.555581727999993,D,False,mmCIF,universe
9F01,A,172,DGL,-2.571449392000011,D,False,mmCIF,universe
9F01,A,173,DSN,-2.5606224370000015,D,False,mmCIF,universe
9F01,A,174,DGL,-2.5333320379999904,D,False,mmCIF,universe
9F01,A,175,DSN,-2.3700811970000113,D,False,mmCIF,universe
9F01,A,176,DSN,-2.538049080000002,D,False,mmCIF,universe
9F01,A,177,DPR,-2.620011701999994,D,False,mmCIF,universe
9F01,A,179,DGN,-2.6063031539999972,D,False,mmCIF,universe
9F01,A,180,DAR,-2.390671435000003,D,False,mmCIF,universe
9F01,A,181,DSN,-2.3379774319999957,D,False,mmCIF,universe
9F01,A,182,DIL,-2.5333260280000016,D,False,mmCIF,universe
9F01,A,183,DSN,-2.5487476020000006,D,False,mmCIF,universe
9F01,A,184,DLE,-2.5862084619999983,D,False,mmCIF,universe
9F01,A,185,DAR,-2.5676303810000007,D,False,mmCIF,universe
9F01,A,186,DTY,-2.4780858880000074,D,False,mmCIF,universe
9F01,A,187,DGL,-2.2647359639999953,D,False,mmCIF,universe
9F01,A,189,DAR,-2.483921211000007,D,False,mmCIF,universe
9F01,A,190,DVA,-2.2349939610000042,D,False,mmCIF,universe
9F01,A,191,DTY,-2.5305666689999913,D,False,mmCIF,universe
9F01,A,192,DHI,-2.560917999999999,D,False,mmCIF,universe
9F01,A,193,DTY,-2.570055990000001,D,False,mmCIF,universe
9F01,A,194,DAR,-2.600906577999992,D,False,mmCIF,universe
9F01,A,195,DIL,-2.5071866640000007,D,False,mmCIF,universe
9F01,A,196,DSG,-2.429616910000005,D,False,mmCIF,universe
9F01,A,197,DTH,-2.523772349999995,D,False,mmCIF,universe
9F01,A,198,DCY,-2.6722511110000062,D,False,mmCIF,universe
9F01,A,199,DSN,-2.4205624200000004,D,False,mmCIF,universe
9F01,A,200,DAS,-2.31312949600001,D,False,mmCIF,universe
9F01,A,202,DLY,-2.4721830940000116,D,False,mmCIF,universe
9F01,A,203,DLE,-2.644999503,D,False,mmCIF,universe
9F01,A,204,DTY,-2.466201475000004,D,False,mmCIF,universe
9F01,A,205,DVA,-2.4332961399999973,D,False,mmCIF,universe
9F01,A,206,DSN,-2.5628118080000037,D,False,mmCIF,universe
9F01,A,207,DSN,-2.4332720359999938,D,False,mmCIF,universe
9F01,A,208,DGL,-2.4229917800000003,D,False,mmCIF,universe
9F01,A,209,DSN,-2.4123178489999977,D,False,mmCIF,universe
9F01,A,210,DAR,-2.5349644949999965,D,False,mmCIF,universe
9F01,A,211,DPN,-2.4216022179999985,D,False,mmCIF,universe
9F01,A,212,DSG,-2.4321290060000025,D,False,mmCIF,universe
9F01,A,213,DTH,-2.4881862240000014,D,False,mmCIF,universe
9F01,A,214,DLE,-2.4798493759999976,D,False,mmCIF,universe
9F01,A,215,DAL,-2.431142226999996,D,False,mmCIF,universe
9F01,A,216,DGL,-2.555772873000006,D,False,mmCIF,universe
9F01,A,217,DLE,-2.457937081999999,D,False,mmCIF,universe
9F01,A,218,DVA,-2.308077104,D,False,mmCIF,universe
9F01,A,219,DHI,-2.4498196700000037,D,False,mmCIF,universe
9F01,A,220,DHI,-2.5398489840000043,D,False,mmCIF,universe
9F01,A,221,DHI,-2.4057322029999963,D,False,mmCIF,universe
9F01,A,222,DSN,-2.5693741999999986,D,False,mmCIF,universe
9F01,A,223,DTH,-2.523665548000004,D,False,mmCIF,universe
9F01,A,224,DVA,-2.556738764000003,D,False,mmCIF,universe
9F01,A,225,DAL,-2.467263140999995,D,False,mmCIF,universe
9F01,A,226,DAS,-2.291832622000001,D,False,mmCIF,universe
9F01,A,228,DLE,-2.5461113160000073,D,False,mmCIF,universe
9F01,A,229,DIL,-2.3431439830000014,D,False,mmCIF,universe
9F01,A,230,DTH,-2.732115706999999,D,False,mmCIF,universe
9F01,A,231,DTH,-2.563007207999999,D,False,mmCIF,universe
9F01,A,232,DLE,-2.6004961679999976,D,False,mmCIF,universe
9F01,A,233,DHI,-2.558935854000003,D,False,mmCIF,universe
9F01,A,234,DTY,-2.4809096579999985,D,False,mmCIF,universe
9F01,A,235,DPR,-2.750964652000024,D,False,mmCIF,universe
9F01,A,236,DAL,-2.452418407999988,D,False,mmCIF,universe
9F01,A,237,DPR,-2.784582750999994,D,False,mmCIF,universe
9F01,A,238,DLY,-2.4044533769999927,D,False,mmCIF,universe
9F01,A,239,DAR,-2.4220889380000004,D,False,mmCIF,universe
9F01,A,240,DSG,-2.470286293999997,D,False,mmCIF,universe
9F01,B,142,DGL,-2.5048659870000027,D,False,mmCIF,universe
9F01,B,143,DLY,-2.371471030000015,D,False,mmCIF,universe
9F01,B,144,DHI,-2.537731535,D,False,mmCIF,universe
9F01,B,145,DSN,-2.605411382999992,D,False,mmCIF,universe
9F01,B,146,DTR,-2.405696221000014,D,False,mmCIF,universe
9F01,B,147,DTY,-2.405033801000004,D,False,mmCIF,universe
9F01,B,148,DHI,-2.4718760909999973,D,False,mmCIF,universe
9F01,B,150,DPR,-2.71341630000001,D,False,mmCIF,universe
9F01,B,151,DVA,-2.5902245189999893,D,False,mmCIF,universe
9F01,B,152,DSN,-2.5423567079999967,D,False,mmCIF,universe
9F01,B,153,DAR,-2.3352499919999934,D,False,mmCIF,universe
9F01,B,154,DSG,-2.5154889160000056,D,False,mmCIF,universe
9F01,B,155,DAL,-2.4624677819999876,D,False,mmCIF,universe
9F01,B,156,DAL,-2.531388216,D,False,mmCIF,universe
9F01,B,157,DGL,-2.4202649699999874,D,False,mmCIF,universe
9F01,B,158,DTY,-2.434056288999991,D,False,mmCIF,universe
9F01,B,159,DLE,-2.3626917130000153,D,False,mmCIF,universe
9F01,B,160,DLE,-2.4303125940000023,D,False,mmCIF,universe
9F01,B,161,DSN,-2.4438234500000062,D,False,mmCIF,universe
9F01,B,162,DSN,-2.4713598099999885,D,False,mmCIF,universe
9F01,B,164,DIL,-2.532490308000022,D,False,mmCIF,universe
9F01,B,165,DSG,-2.4755214530000043,D,False,mmCIF,universe
9F01,B,167,DSN,-2.5502763999999973,D,False,mmCIF,universe
9F01,B,168,DPN,-2.471518817000003,D,False,mmCIF,universe
9F01,B,169,DLE,-2.552293816000006,D,False,mmCIF,universe
9F01,B,170,DVA,-2.471370425999999,D,False,mmCIF,universe
9F01,B,171,DAR,-2.580460904999994,D,False,mmCIF,universe
9F01,B,172,DGL,-2.542269914,D,False,mmCIF,universe
9F01,B,173,DSN,-2.6288463280000154,D,False,mmCIF,universe
9F01,B,174,DGL,-2.609299323000001,D,False,mmCIF,universe
9F01,B,175,DSN,-2.3690016889999987,D,False,mmCIF,universe
9F01,B,176,DSN,-2.5240999279999983,D,False,mmCIF,universe
9F01,B,177,DPR,-2.578810087999999,D,False,mmCIF,universe
9F01,B,179,DGN,-2.4365052009999957,D,False,mmCIF,universe
9F01,B,180,DAR,-2.631048879999993,D,False,mmCIF,universe
9F01,B,181,DSN,-2.532427495999986,D,False,mmCIF,universe
9F01,B,182,DIL,-2.600493366,D,False,mmCIF,universe
9F01,B,183,DSN,-2.5050489729999983,D,False,mmCIF,universe
9F01,B,184,DLE,-2.4969945560000038,D,False,mmCIF,universe
9F01,B,185,DAR,-2.4491888850000065,D,False,mmCIF,universe
9F01,B,186,DTY,-2.441217458999994,D,False,mmCIF,universe
9F01,B,187,DGL,-2.386106131999996,D,False,mmCIF,universe
9F01,B,189,DAR,-2.2231918870000036,D,False,mmCIF,universe
9F01,B,190,DVA,-2.4354882459999905,D,False,mmCIF,universe
9F01,B,191,DTY,-2.6203867230000033,D,False,mmCIF,universe
9F01,B,192,DHI,-2.522493348000003,D,False,mmCIF,universe
9F01,B,193,DTY,-2.4742906949999917,D,False,mmCIF,universe
9F01,B,194,DAR,-2.435918536000003,D,False,mmCIF,universe
9F01,B,195,DIL,-2.4991723620000004,D,False,mmCIF,universe
9F01,B,196,DSG,-2.4658990320000025,D,False,mmCIF,universe
9F01,B,197,DTH,-2.6361018200000017,D,False,mmCIF,universe
9F01,B,198,DCY,-2.5919619519999992,D,False,mmCIF,universe
9F01,B,199,DSN,-2.5482160349999976,D,False,mmCIF,universe
9F01,B,200,DAS,-2.388983896000003,D,False,mmCIF,universe
9F01,B,202,DLY,-2.2964204610000016,D,False,mmCIF,universe
9F01,B,203,DLE,-2.5806728599999937,D,False,mmCIF,universe
9F01,B,204,DTY,-2.386729254000001,D,False,mmCIF,universe
9F01,B,205,DVA,-2.4630484449999988,D,False,mmCIF,universe
9F01,B,206,DSN,-2.5058800699999955,D,False,mmCIF,universe
9F01,B,207,DSN,-2.5346793150000004,D,False,mmCIF,universe
9F01,B,208,DGL,-2.4931546669999958,D,False,mmCIF,universe
9F01,B,209,DSN,-2.666766350999993,D,False,mmCIF,universe
9F01,B,210,DAR,-2.4564009049999944,D,False,mmCIF,universe
9F01,B,211,DPN,-2.549734088000003,D,False,mmCIF,universe
9F01,B,212,DSG,-2.3364314000000013,D,False,mmCIF,universe
9F01,B,213,DTH,-2.489500704000001,D,False,mmCIF,universe
9F01,B,214,DLE,-2.5749797119999993,D,False,mmCIF,universe
9F01,B,215,DAL,-2.443832497000006,D,False,mmCIF,universe
9F01,B,216,DGL,-2.5786385839999992,D,False,mmCIF,universe
9F01,B,217,DLE,-2.5125557400000025,D,False,mmCIF,universe
9F01,B,218,DVA,-2.4512498729999987,D,False,mmCIF,universe
9F01,B,219,DHI,-2.406800699999998,D,False,mmCIF,universe
9F01,B,220,DHI,-2.515736273999992,D,False,mmCIF,universe
9F01,B,221,DHI,-2.3997040639999976,D,False,mmCIF,universe
9F01,B,222,DSN,-2.531828580000005,D,False,mmCIF,universe
9F01,B,223,DTH,-2.5255315719999984,D,False,mmCIF,universe
9F01,B,224,DVA,-2.381034075000006,D,False,mmCIF,universe
9F01,B,225,DAL,-2.4468046620000083,D,False,mmCIF,universe
9F01,B,226,DAS,-2.5553778900000004,D,False,mmCIF,universe
9F01,B,228,DLE,-2.5876650310000033,D,False,mmCIF,universe
9F01,B,229,DIL,-2.4131532870000068,D,False,mmCIF,universe
9F01,B,230,DTH,-2.708474229999997,D,False,mmCIF,universe
9F01,B,231,DTH,-2.4715297740000084,D,False,mmCIF,universe
9F01,B,232,DLE,-2.603399673999996,D,False,mmCIF,universe
9F01,B,233,DHI,-2.59755529600001,D,False,mmCIF,universe
9F01,B,234,DTY,-2.699289779999995,D,False,mmCIF,universe
9F01,B,235,DPR,-2.7314678559999868,D,False,mmCIF,universe
9F01,B,236,DAL,-2.4931843200000054,D,False,mmCIF,universe
9F01,B,237,DPR,-2.7189680520000006,D,False,mmCIF,universe
9F01,B,238,DLY,-2.367608698000004,D,False,mmCIF,universe
9F01,B,239,DAR,-2.639109439000004,D,False,mmCIF,universe
9F01,B,240,DSG,-2.3207717899999953,D,False,mmCIF,universe
9F01,C,142,DGL,-2.3958506879999923,D,False,mmCIF,universe
9F01,C,143,DLY,-2.619665601,D,False,mmCIF,universe
9F01,C,144,DHI,-2.611629447999993,D,False,mmCIF,universe
9F01,C,145,DSN,-2.5837743499999957,D,False,mmCIF,universe
9F01,C,146,DTR,-2.3534252009999923,D,False,mmCIF,universe
9F01,C,147,DTY,-2.5403377279999826,D,False,mmCIF,universe
9F01,C,148,DHI,-2.365512577999991,D,False,mmCIF,universe
9F01,C,150,DPR,-2.636245023999999,D,False,mmCIF,universe
9F01,C,151,DVA,-2.586393415000013,D,False,mmCIF,universe
9F01,C,152,DSN,-2.4837460140000043,D,False,mmCIF,universe
9F01,C,153,DAR,-2.6713216280000065,D,False,mmCIF,universe
9F01,C,154,DSG,-2.469342934000024,D,False,mmCIF,universe
9F01,C,155,DAL,-2.4826122619999955,D,False,mmCIF,universe
9F01,C,156,DAL,-2.4729614069999872,D,False,mmCIF,universe
9F01,C,157,DGL,-2.4217394620000103,D,False,mmCIF,universe
9F01,C,158,DTY,-2.47602765799997,D,False,mmCIF,universe
9F01,C,159,DLE,-2.4504329750000267,D,False,mmCIF,universe
9F01,C,160,DLE,-2.530506019999998,D,False,mmCIF,universe
9F01,C,161,DSN,-2.377243652999998,D,False,mmCIF,universe
9F01,C,162,DSN,-2.519207424999991,D,False,mmCIF,universe
9F01,C,164,DIL,-2.5095629399999977,D,False,mmCIF,universe
9F01,C,165,DSG,-2.615968979999997,D,False,mmCIF,universe
9F01,C,167,DSN,-2.560371070000004,D,False,mmCIF,universe
9F01,C,168,DPN,-2.4449416940000117,D,False,mmCIF,universe
9F01,C,169,DLE,-2.4121299869999984,D,False,mmCIF,universe
9F01,C,170,DVA,-2.524040723999995,D,False,mmCIF,universe
9F01,C,171,DAR,-2.607038219000017,D,False,mmCIF,universe
9F01,C,172,DGL,-2.6227377930000193,D,False,mmCIF,universe
9F01,C,173,DSN,-2.566692717000035,D,False,mmCIF,universe
9F01,C,174,DGL,-2.402239017999987,D,False,mmCIF,universe
9F01,C,175,DSN,-2.403404452000015,D,False,mmCIF,universe
9F01,C,176,DSN,-2.548254543999936,D,False,mmCIF,universe
9F01,C,177,DPR,-2.652726875000017,D,False,mmCIF,universe
9F01,C,179,DGN,-2.64417800999998,D,False,mmCIF,universe
9F01,C,180,DAR,-2.3917288960000063,D,False,mmCIF,universe
9F01,C,181,DSN,-2.4394963430000005,D,False,mmCIF,universe
9F01,C,182,DIL,-2.6116634790000037,D,False,mmCIF,universe
9F01,C,183,DSN,-2.592248583000008,D,False,mmCIF,universe
9F01,C,184,DLE,-2.4634145010000084,D,False,mmCIF,universe
9F01,C,185,DAR,-2.5234042419999887,D,False,mmCIF,universe
9F01,C,186,DTY,-2.4712530960000056,D,False,mmCIF,universe
9F01,C,187,DGL,-2.4070891210000123,D,False,mmCIF,universe
9F01,C,189,DAR,-2.2787611109999952,D,False,mmCIF,universe
9F01,C,190,DVA,-2.2851230490000014,D,False,mmCIF,universe
9F01,C,191,DTY,-2.5679524229999835,D,False,mmCIF,universe
9F01,C,192,DHI,-2.4534377240000005,D,False,mmCIF,universe
9F01,C,193,DTY,-2.496058421999989,D,False,mmCIF,universe
9F01,C,194,DAR,-2.561839009999998,D,False,mmCIF,universe
9F01,C,195,DIL,-2.5466132669999695,D,False,mmCIF,universe
9F01,C,196,DSG,-2.4570545239999984,D,False,mmCIF,universe
9F01,C,197,DTH,-2.532778073999968,D,False,mmCIF,universe
9F01,C,198,DCY,-2.611252212000009,D,False,mmCIF,universe
9F01,C,199,DSN,-2.4276026909999975,D,False,mmCIF,universe
9F01,C,200,DAS,-2.299767169999989,D,False,mmCIF,universe
9F01,C,202,DLY,-2.2590330319999783,D,False,mmCIF,universe
9F01,C,203,DLE,-2.60689158800002,D,False,mmCIF,universe
9F01,C,204,DTY,-2.461177466000006,D,False,mmCIF,universe
9F01,C,205,DVA,-2.5379655270000137,D,False,mmCIF,universe
9F01,C,206,DSN,-2.610682149000011,D,False,mmCIF,universe
9F01,C,207,DSN,-2.477236790999989,D,False,mmCIF,universe
9F01,C,208,DGL,-2.4367553270000215,D,False,mmCIF,universe
9F01,C,209,DSN,-2.4286237599999905,D,False,mmCIF,universe
9F01,C,210,DAR,-2.272942818999998,D,False,mmCIF,universe
9F01,C,211,DPN,-2.5100807879999962,D,False,mmCIF,universe
9F01,C,212,DSG,-2.4288023579999973,D,False,mmCIF,universe
9F01,C,213,DTH,-2.490306106999984,D,False,mmCIF,universe
9F01,C,214,DLE,-2.385384355999995,D,False,mmCIF,universe
9F01,C,215,DAL,-2.4852537259999923,D,False,mmCIF,universe
9F01,C,216,DGL,-2.475805551999995,D,False,mmCIF,universe
9F01,C,217,DLE,-2.4798864639999723,D,False,mmCIF,universe
9F01,C,218,DVA,-2.3475344279999875,D,False,mmCIF,universe
9F01,C,219,DHI,-2.4958643999999746,D,False,mmCIF,universe
9F01,C,220,DHI,-2.526629464999983,D,False,mmCIF,universe
9F01,C,221,DHI,-2.4217275069999875,D,False,mmCIF,universe
9F01,C,222,DSN,-2.5287078059999684,D,False,mmCIF,universe
9F01,C,223,DTH,-2.5137174629999723,D,False,mmCIF,universe
9F01,C,224,DVA,-2.449678941000025,D,False,mmCIF,universe
9F01,C,225,DAL,-2.4667121659999927,D,False,mmCIF,universe
9F01,C,226,DAS,-2.4531963019999883,D,False,mmCIF,universe
9F01,C,228,DLE,-2.712508929000006,D,False,mmCIF,universe
9F01,C,229,DIL,-2.304509143999981,D,False,mmCIF,universe
9F01,C,230,DTH,-2.673549271999988,D,False,mmCIF,universe
9F01,C,231,DTH,-2.516897903000001,D,False,mmCIF,universe
9F01,C,232,DLE,-2.623351595000011,D,False,mmCIF,universe
9F01,C,233,DHI,-2.5739563919999986,D,False,mmCIF,universe
9F01,C,234,DTY,-2.5051049140000052,D,False,mmCIF,universe
9F01,C,235,DPR,-2.749693722,D,False,mmCIF,universe
9F01,C,236,DAL,-2.501955816000032,D,False,mmCIF,universe
9F01,C,237,DPR,-2.8180419279999867,D,False,mmCIF,universe
9F01,C,238,DLY,-2.1596040179999956,D,False,mmCIF,universe
9F01,C,239,DAR,-2.585944701999998,D,False,mmCIF,universe
9F01,C,240,DSG,-2.3941699410000106,D,False,mmCIF,universe
9F01,D,142,DGL,-2.484420244000028,D,False,mmCIF,universe
9F01,D,143,DLY,-2.5469514019999915,D,False,mmCIF,universe
9F01,D,144,DHI,-2.3713303210000234,D,False,mmCIF,universe
9F01,D,145,DSN,-2.3796408640000086,D,False,mmCIF,universe
9F01,D,146,DTR,-2.473247307000047,D,False,mmCIF,universe
9F01,D,147,DTY,-2.3873019699999944,D,False,mmCIF,universe
9F01,D,148,DHI,-2.357461544999968,D,False,mmCIF,universe
9F01,D,150,DPR,-2.721369860000005,D,False,mmCIF,universe
9F01,D,151,DVA,-2.599257404999963,D,False,mmCIF,universe
9F01,D,152,DSN,-2.5316398639999704,D,False,mmCIF,universe
9F01,D,153,DAR,-2.5851499240000115,D,False,mmCIF,universe
9F01,D,154,DSG,-2.421852156000003,D,False,mmCIF,universe
9F01,D,155,DAL,-2.4934452200000305,D,False,mmCIF,universe
9F01,D,156,DAL,-2.509031602000002,D,False,mmCIF,universe
9F01,D,157,DGL,-2.4779692280000005,D,False,mmCIF,universe
9F01,D,158,DTY,-2.5108610270000127,D,False,mmCIF,universe
9F01,D,159,DLE,-2.5085488619999974,D,False,mmCIF,universe
9F01,D,160,DLE,-2.357659443999987,D,False,mmCIF,universe
9F01,D,161,DSN,-2.3603538450000143,D,False,mmCIF,universe
9F01,D,162,DSN,-2.496892018999989,D,False,mmCIF,universe
9F01,D,164,DIL,-2.5558359340000414,D,False,mmCIF,universe
9F01,D,165,DSG,-2.4680250779999984,D,False,mmCIF,universe
9F01,D,167,DSN,-2.4824258440000198,D,False,mmCIF,universe
9F01,D,168,DPN,-2.499686881000012,D,False,mmCIF,universe
9F01,D,169,DLE,-2.528652005999977,D,False,mmCIF,universe
9F01,D,170,DVA,-2.49228194600001,D,False,mmCIF,universe
9F01,D,171,DAR,-2.537635490000022,D,False,mmCIF,universe
9F01,D,172,DGL,-2.6071947729999767,D,False,mmCIF,universe
9F01,D,173,DSN,-2.5806658960000037,D,False,mmCIF,universe
9F01,D,174,DGL,-2.572006751999971,D,False,mmCIF,universe
9F01,D,175,DSN,-2.363766874000008,D,False,mmCIF,universe
9F01,D,176,DSN,-2.5318498740000184,D,False,mmCIF,universe
9F01,D,177,DPR,-2.64465038200001,D,False,mmCIF,universe
9F01,D,179,DGN,-2.639279349,D,False,mmCIF,universe
9F01,D,180,DAR,-2.4134555540000213,D,False,mmCIF,universe
9F01,D,181,DSN,-2.448798042000049,D,False,mmCIF,universe
9F01,D,182,DIL,-2.573856187999984,D,False,mmCIF,universe
9F01,D,183,DSN,-2.4727596489999883,D,False,mmCIF,universe
9F01,D,184,DLE,-2.4552274900000124,D,False,mmCIF,universe
9F01,D,185,DAR,-2.5130799030000017,D,False,mmCIF,universe
9F01,D,186,DTY,-2.4814078099999914,D,False,mmCIF,universe
9F01,D,187,DGL,-2.3669269430000055,D,False,mmCIF,universe
9F01,D,189,DAR,-2.397522385000027,D,False,mmCIF,universe
9F01,D,190,DVA,-2.389164825000001,D,False,mmCIF,universe
9F01,D,191,DTY,-2.4757005869999897,D,False,mmCIF,universe
9F01,D,192,DHI,-2.5085686559999947,D,False,mmCIF,universe
9F01,D,193,DTY,-2.4495071869999885,D,False,mmCIF,universe
9F01,D,194,DAR,-2.5288190979999623,D,False,mmCIF,universe
9F01,D,195,DIL,-2.5523397400000016,D,False,mmCIF,universe
9F01,D,196,DSG,-2.418144607000003,D,False,mmCIF,universe
9F01,D,197,DTH,-2.556991661999992,D,False,mmCIF,universe
9F01,D,198,DCY,-2.5340922750000017,D,False,mmCIF,universe
9F01,D,199,DSN,-2.3964498320000067,D,False,mmCIF,universe
9F01,D,200,DAS,-2.484668676999999,D,False,mmCIF,universe
9F01,D,202,DLY,-2.4506701219999885,D,False,mmCIF,universe
9F01,D,203,DLE,-2.6366983490000133,D,False,mmCIF,universe
9F01,D,204,DTY,-2.480681475999993,D,False,mmCIF,universe
9F01,D,205,DVA,-2.5251212399999816,D,False,mmCIF,universe
9F01,D,206,DSN,-2.613088854999987,D,False,mmCIF,universe
9F01,D,207,DSN,-2.430661798999984,D,False,mmCIF,universe
9F01,D,208,DGL,-2.679781826000008,D,False,mmCIF,universe
9F01,D,209,DSN,-2.465113235999999,D,False,mmCIF,universe
9F01,D,210,DAR,-2.5643927450000237,D,False,mmCIF,universe
9F01,D,211,DPN,-2.4158641460000045,D,False,mmCIF,universe
9F01,D,212,DSG,-2.2853788440000185,D,False,mmCIF,universe
9F01,D,213,DTH,-2.4423246330000015,D,False,mmCIF,universe
9F01,D,214,DLE,-2.4650767340000144,D,False,mmCIF,universe
9F01,D,215,DAL,-2.5028352400000378,D,False,mmCIF,universe
9F01,D,216,DGL,-2.536871576999999,D,False,mmCIF,universe
9F01,D,217,DLE,-2.4724215019999995,D,False,mmCIF,universe
9F01,D,218,DVA,-2.48668699199999,D,False,mmCIF,universe
9F01,D,219,DHI,-2.4178275200000034,D,False,mmCIF,universe
9F01,D,220,DHI,-2.519779677000034,D,False,mmCIF,universe
9F01,D,221,DHI,-2.4367073320000006,D,False,mmCIF,universe
9F01,D,222,DSN,-2.5129202690000056,D,False,mmCIF,universe
9F01,D,223,DTH,-2.4683879430000184,D,False,mmCIF,universe
9F01,D,224,DVA,-2.5412947099999843,D,False,mmCIF,universe
9F01,D,225,DAL,-2.4657234450000236,D,False,mmCIF,universe
9F01,D,226,DAS,-2.4953627749999967,D,False,mmCIF,universe
9F01,D,228,DLE,-2.503181223000001,D,False,mmCIF,universe
9F01,D,229,DIL,-2.4777140960000037,D,False,mmCIF,universe
9F01,D,230,DTH,-2.662586913,D,False,mmCIF,universe
9F01,D,231,DTH,-2.54613333600005,D,False,mmCIF,universe
9F01,D,232,DLE,-2.6030963679999513,D,False,mmCIF,universe
9F01,D,233,DHI,-2.4578805660000063,D,False,mmCIF,universe
9F01,D,234,DTY,-2.565965831999998,D,False,mmCIF,universe
9F01,D,235,DPR,-2.7470844839999966,D,False,mmCIF,universe
9F01,D,236,DAL,-2.5477971870000276,D,False,mmCIF,universe
9F01,D,237,DPR,-2.789480366999996,D,False,mmCIF,universe
9F01,D,238,DLY,-2.24525568600003,D,False,mmCIF,universe
9F01,D,239,DAR,-2.4792546269999973,D,False,mmCIF,universe
9F01,D,240,DSG,-2.3349228589999926,D,False,mmCIF,universe
9GXE,D,7,DAL,-2.5526756710000087,D,False,mmCIF,universe
9GXE,E,7,DAL,-2.55881185200006,D,False,mmCIF,universe
9GXE,F,7,DAL,-2.553832358999999,D,False,mmCIF,universe
9GXG,G,7,DAL,-2.51444341699997,D,False,mmCIF,universe
9GXG,H,7,DAL,-2.5385365230000394,D,False,mmCIF,universe
9GXG,I,7,DAL,-2.5305514859998888,D,False,mmCIF,universe
9IK8,F,1,DTR,-2.584028483999934,D,False,mmCIF,universe
9JAZ,F,23,DAS,-2.4965970690000066,D,False,mmCIF,universe
9JAZ,E,23,DAS,-2.4951637099999653,D,False,mmCIF,universe
9JAZ,D,23,DAS,-2.492663822999971,D,False,mmCIF,universe
9JAZ,C,23,DAS,-2.492467697999995,D,False,mmCIF,universe
9JAZ,B,23,DAS,-2.4927795080000212,D,False,mmCIF,universe
9JAZ,A,23,DAS,-2.4896860860000163,D,False,mmCIF,universe
9JAZ,FF,23,DAS,-2.4884311649999833,D,False,mmCIF,universe
9JAZ,EE,23,DAS,-2.4943209439999854,D,False,mmCIF,universe
9JAZ,DD,23,DAS,-2.494956474999969,D,False,mmCIF,universe
9JAZ,CC,23,DAS,-2.4939847599999956,D,False,mmCIF,universe
9JAZ,BB,23,DAS,-2.495175995999971,D,False,mmCIF,universe
9JAZ,AA,23,DAS,-2.493926150000026,D,False,mmCIF,universe
9JB0,CC,23,DAS,-2.551216361999984,D,False,mmCIF,universe
9JB0,BB,23,DAS,-2.5533116889999827,D,False,mmCIF,universe
9JB0,DD,23,DAS,-2.5539887459999675,D,False,mmCIF,universe
9JB0,EE,23,DAS,-2.5529199119999952,D,False,mmCIF,universe
9JB0,FF,23,DAS,-2.5519566959999787,D,False,mmCIF,universe
9JB0,AA,23,DAS,-2.5493270180000107,D,False,mmCIF,universe
9JB0,A,23,DAS,-2.553954271999994,D,False,mmCIF,universe
9JB0,B,23,DAS,-2.550326798999965,D,False,mmCIF,universe
9JB0,C,23,DAS,-2.5511385199999976,D,False,mmCIF,universe
9JB0,D,23,DAS,-2.550344834000001,D,False,mmCIF,universe
9JB0,E,23,DAS,-2.5556906200000022,D,False,mmCIF,universe
9JB0,F,23,DAS,-2.5503565390000436,D,False,mmCIF,universe
9JB1,FO,23,DAS,-2.5015296719999878,D,False,mmCIF,universe
9JB1,FP,23,DAS,-2.500490874000067,D,False,mmCIF,universe
9JB1,FN,23,DAS,-2.498542424999936,D,False,mmCIF,universe
9JB1,FM,23,DAS,-2.503716575999956,D,False,mmCIF,universe
9JB1,FL,23,DAS,-2.499710525999989,D,False,mmCIF,universe
9JB1,FQ,23,DAS,-2.50053355799994,D,False,mmCIF,universe
9JB1,FK,23,DAS,-2.503687194000027,D,False,mmCIF,universe
9JB1,FJ,23,DAS,-2.5020442839999184,D,False,mmCIF,universe
9JB1,FI,23,DAS,-2.4986349520000064,D,False,mmCIF,universe
9JB1,FH,23,DAS,-2.5011456179999745,D,False,mmCIF,universe
9JB1,FG,23,DAS,-2.5000983139999953,D,False,mmCIF,universe
9JB1,FF,23,DAS,-2.499416293000035,D,False,mmCIF,universe
9JB2,C,23,DAS,-2.5529202399999957,D,False,mmCIF,universe
9JB2,A,23,DAS,-2.539197878000024,D,False,mmCIF,universe
9JB2,B,23,DAS,-2.5345775040000236,D,False,mmCIF,universe
9JB2,D,23,DAS,-2.5336476469999587,D,False,mmCIF,universe
9JB2,E,23,DAS,-2.5214634930000304,D,False,mmCIF,universe
9JB2,CC,7,DAS,-2.5300757250000547,D,False,mmCIF,universe
9JB2,CC,23,DAS,-2.4116178000000548,D,False,mmCIF,universe
9JB2,BE,23,DAS,-2.5101253029999966,D,False,mmCIF,universe
9JB2,BD,23,DAS,-2.5318314279999923,D,False,mmCIF,universe
9JB2,BC,23,DAS,-2.5278926200000558,D,False,mmCIF,universe
9JB2,BB,23,DAS,-2.5357776720000613,D,False,mmCIF,universe
9JB2,BA,23,DAS,-2.538172531999986,D,False,mmCIF,universe
9JB2,CB,7,DAS,-2.520289628000097,D,False,mmCIF,universe
9JB2,CB,23,DAS,-2.411709025000027,D,False,mmCIF,universe
9JB2,CA,7,DAS,-2.524167248000003,D,False,mmCIF,universe
9JB2,CA,23,DAS,-2.431663825999988,D,False,mmCIF,universe
9JB2,CD,7,DAS,-2.5332065500000525,D,False,mmCIF,universe
9JB2,CD,23,DAS,-2.4385448979999715,D,False,mmCIF,universe
9JB2,CE,7,DAS,-2.5399019399999974,D,False,mmCIF,universe
9JB2,CE,23,DAS,-2.4602453469999914,D,False,mmCIF,universe
9KDO,M,2,DVA,-2.2293910020000456,D,False,mmCIF,universe
9KDO,M,8,DVA,-2.1863700180000203,D,False,mmCIF,universe
9KDO,O,2,DVA,-2.2328828880001166,D,False,mmCIF,universe
9KDO,O,8,DVA,-2.189777607000053,D,False,mmCIF,universe
9NWR,A,2,DPN,-2.5365902490000023,D,False,mmCIF,universe
9NWR,A,3,DPN,-2.516751066,D,False,mmCIF,universe
9NWR,B,102,DPN,-2.6913835529999974,D,False,mmCIF,universe
9NWR,B,103,DPN,-2.3575450079999967,D,False,mmCIF,universe
9NWV,A,2,DPN,-2.5365932339999984,D,False,mmCIF,universe
9NWV,A,3,DPN,-2.5146805019999983,D,False,mmCIF,universe
9NWV,B,102,DPN,-2.689333346000004,D,False,mmCIF,universe
9NWV,B,103,DPN,-2.359499680999999,D,False,mmCIF,universe
9NXZ,A,2,DPN,-2.5370467919999986,D,False,mmCIF,universe
9NXZ,A,3,DPN,-2.5188523390000013,D,False,mmCIF,universe
9NXZ,B,102,DPN,-2.6930737519999965,D,False,mmCIF,universe
9NXZ,B,103,DPN,-2.354902029999999,D,False,mmCIF,universe
9NY0,A,2,DPN,-2.5384971330000017,D,False,mmCIF,universe
9NY0,A,3,DPN,-2.5159315190000004,D,False,mmCIF,universe
9NY0,B,102,DPN,-2.6927599360000016,D,False,mmCIF,universe
9NY0,B,103,DPN,-2.3605070499999967,D,False,mmCIF,universe
9OL8,A,8,DPR,-2.7022025669999987,D,False,mmCIF,universe
9OL9,A,8,DPR,-2.680125323999999,D,False,mmCIF,universe
9OLA,A,8,DPR,-2.6720725060000006,D,False,mmCIF,universe
9P5C,C,9,DPR,-2.480904858999999,D,False,mmCIF,universe
9P5C,E,9,DPR,-2.4652242090000085,D,False,mmCIF,universe
9PU1,C,5,DTR,-2.4008275835775787,D,False,mmCIF,universe
9PU1,C,9,DPR,-2.6921275372638602,D,False,mmCIF,universe
9PU5,S,2,DAL,-2.4598004000000557,D,False,mmCIF,universe
9PU5,H,2,DAL,-2.4601499770000697,D,False,mmCIF,universe
9PUN,E,5,DTR,-2.577601391334751,D,False,mmCIF,universe
9PUN,E,9,DPR,-2.712339415097097,D,False,mmCIF,universe
9PUQ,D,5,DTR,-2.609977079687643,D,False,mmCIF,universe
9PUQ,D,9,DLY,-2.42495487572648,D,False,mmCIF,universe
9PUT,B,5,DTR,-2.6410420036771947,D,False,mmCIF,universe
9PUT,B,9,DPR,-2.6891832277469527,D,False,mmCIF,universe
9PUT,D,5,DTR,-2.5817301144291935,D,False,mmCIF,universe
9PUT,D,9,DPR,-2.67249377239148,D,False,mmCIF,universe
9PUZ,E,9,DPR,-2.654887000815345,D,False,mmCIF,universe
9PUZ,F,9,DPR,-2.6945933207538673,D,False,mmCIF,universe
9PUZ,G,9,DPR,-2.6765703289634333,D,False,mmCIF,universe
9PVE,I,5,DTR,-2.73653636369716,D,False,mmCIF,universe
9PVE,I,9,DPR,-2.685308680550043,D,False,mmCIF,universe
9PVE,J,5,DTR,-2.645345423146353,D,False,mmCIF,universe
9PVE,J,9,DPR,-2.656147539561079,D,False,mmCIF,universe
9PVE,K,5,DTR,-2.6616896808704915,D,False,mmCIF,universe
9PVE,K,9,DPR,-2.6848102452182925,D,False,mmCIF,universe
9PVE,L,5,DTR,-2.7438583888804544,D,False,mmCIF,universe
9PVE,L,9,DPR,-2.6912716425581036,D,False,mmCIF,universe
9PVF,I,5,DTR,-2.523941472471935,D,False,mmCIF,universe
9PVF,I,9,DPR,-2.713538160108319,D,False,mmCIF,universe
9PVF,J,5,DTR,-2.5330115662472195,D,False,mmCIF,universe
9PVF,J,9,DPR,-2.7035399521540064,D,False,mmCIF,universe
9PVF,K,5,DTR,-2.5949334136071074,D,False,mmCIF,universe
9PVF,K,9,DPR,-2.714212787377171,D,False,mmCIF,universe
9PVF,L,5,DTR,-2.4654893990160174,D,False,mmCIF,universe
9PVF,L,9,DPR,-2.6489536300295593,D,False,mmCIF,universe
9PVF,M,5,DTR,-2.709482305754281,D,False,mmCIF,universe
9PVF,M,9,DPR,-2.690624119615839,D,False,mmCIF,universe
9PVF,N,5,DTR,-2.586304297529264,D,False,mmCIF,universe
9PVF,N,9,DPR,-2.6299992045376177,D,False,mmCIF,universe
9R9M,I,9,DGN,-2.4687546859999987,D,False,mmCIF,universe
9R9M,I,10,DPR,-2.4012309130000027,D,False,mmCIF,universe
9R9M,C,9,DPR,-2.5316133619999968,D,False,mmCIF,universe
9RJA,V,1,DAR,-2.6246637539999216,D,False,mmCIF,universe
9RJA,V,3,DPN,-2.8084165980000035,D,False,mmCIF,universe
9RJA,V,5,DSG,-2.5304738579999477,D,False,mmCIF,universe
9RJA,V,6,DAR,-2.6904814829999526,D,False,mmCIF,universe
9RJA,V,7,DAR,-2.6388934020000088,D,False,mmCIF,universe
9RJA,W,1,DAR,-2.7837935519999712,D,False,mmCIF,universe
9RJA,W,3,DPN,-2.8008135339999845,D,False,mmCIF,universe
9RJA,W,5,DSG,-2.638808837000053,D,False,mmCIF,universe
9RJA,W,6,DAR,-2.7467912789999995,D,False,mmCIF,universe
9RJA,W,7,DAR,-2.62844311500004,D,False,mmCIF,universe
9UVT,B,1,DAR,-2.5527274350000697,D,False,mmCIF,universe
9UVU,B,1,DAR,-2.5584442799999305,D,False,mmCIF,universe
9V8F,B,1,DTY,-2.6376970280000034,D,False,mmCIF,universe
9VLA,H,2,DGL,-2.4881254520000065,D,False,mmCIF,universe
9VLA,H,3,DSN,-2.5115935250000034,D,False,mmCIF,universe
9VLA,I,2,DGL,-2.3674322679999977,D,False,mmCIF,universe
9VLA,I,3,DSN,-2.470232133000003,D,False,mmCIF,universe
9X2V,B,1,DTY,-2.586538370999998,D,False,mmCIF,universe
9X2X,B,1,DTY,-2.4606705639999937,D,False,mmCIF,universe
9X2X,D,1,DTY,-2.5140199900000018,D,False,mmCIF,universe
9XD0,C,9,DIL,-2.5993778639999587,D,False,mmCIF,universe
9YDQ,P,2,DAL,-2.4597489020000936,D,False,mmCIF,universe
9YDQ,P,5,DLE,-2.5297994990000685,D,False,mmCIF,universe
9YDR,P,2,DAL,-2.44540979500006,D,False,mmCIF,universe
9YDR,P,5,DLE,-2.5372774780000524,D,False,mmCIF,universe
